-- Generated by Craft v2.6.3008 on 11/02/2018, 6:27:26 AM.

--
-- Disable foreign key checks and autocommit.
--

SET FOREIGN_KEY_CHECKS = 0;
SET SQL_MODE = "NO_AUTO_VALUE_ON_ZERO";
SET AUTOCOMMIT = 0;
SET NAMES utf8;


DROP TABLE IF EXISTS `craft_assetfiles`;


--
-- Schema for table `craft_assetfiles`
--
CREATE TABLE `craft_assetfiles` (
  `id` int(11) NOT NULL,
  `sourceId` int(11) DEFAULT NULL,
  `folderId` int(11) NOT NULL,
  `filename` varchar(255) COLLATE utf8_unicode_ci NOT NULL,
  `kind` varchar(50) COLLATE utf8_unicode_ci NOT NULL DEFAULT 'unknown',
  `width` int(11) unsigned DEFAULT NULL,
  `height` int(11) unsigned DEFAULT NULL,
  `size` bigint(20) unsigned DEFAULT NULL,
  `dateModified` datetime DEFAULT NULL,
  `dateCreated` datetime NOT NULL,
  `dateUpdated` datetime NOT NULL,
  `uid` char(36) COLLATE utf8_unicode_ci NOT NULL DEFAULT '0',
  PRIMARY KEY (`id`),
  UNIQUE KEY `craft_assetfiles_filename_folderId_unq_idx` (`filename`,`folderId`),
  KEY `craft_assetfiles_sourceId_fk` (`sourceId`),
  KEY `craft_assetfiles_folderId_fk` (`folderId`)
) ENGINE=InnoDB DEFAULT CHARSET=utf8 COLLATE=utf8_unicode_ci;

--
-- Data for table `craft_assetfiles`
--

INSERT INTO `craft_assetfiles` (`id`, `sourceId`, `folderId`, `filename`, `kind`, `width`, `height`, `size`, `dateModified`, `dateCreated`, `dateUpdated`, `uid`) VALUES
 ('10', '1', '1', 'grey.jpg', 'image', '1024', '768', '4073', '2018-02-11 00:34:17', '2018-02-11 00:34:17', '2018-02-11 00:34:17', '5d668526-175a-40ba-80b4-e9bc1f9a02d0');



DROP TABLE IF EXISTS `craft_assetfolders`;


--
-- Schema for table `craft_assetfolders`
--
CREATE TABLE `craft_assetfolders` (
  `id` int(11) NOT NULL AUTO_INCREMENT,
  `parentId` int(11) DEFAULT NULL,
  `sourceId` int(11) DEFAULT NULL,
  `name` varchar(255) COLLATE utf8_unicode_ci NOT NULL,
  `path` varchar(255) COLLATE utf8_unicode_ci DEFAULT NULL,
  `dateCreated` datetime NOT NULL,
  `dateUpdated` datetime NOT NULL,
  `uid` char(36) COLLATE utf8_unicode_ci NOT NULL DEFAULT '0',
  PRIMARY KEY (`id`),
  UNIQUE KEY `craft_assetfolders_name_parentId_sourceId_unq_idx` (`name`,`parentId`,`sourceId`),
  KEY `craft_assetfolders_parentId_fk` (`parentId`),
  KEY `craft_assetfolders_sourceId_fk` (`sourceId`)
) ENGINE=InnoDB AUTO_INCREMENT=2 DEFAULT CHARSET=utf8 COLLATE=utf8_unicode_ci;

--
-- Data for table `craft_assetfolders`
--

INSERT INTO `craft_assetfolders` (`id`, `parentId`, `sourceId`, `name`, `path`, `dateCreated`, `dateUpdated`, `uid`) VALUES
 ('1', NULL, '1', 'Uploads', '', '2018-02-11 00:25:49', '2018-02-11 00:25:49', 'ecc735db-78bc-408c-b537-bfede21c6438');



DROP TABLE IF EXISTS `craft_assetindexdata`;


--
-- Schema for table `craft_assetindexdata`
--
CREATE TABLE `craft_assetindexdata` (
  `id` int(11) NOT NULL AUTO_INCREMENT,
  `sessionId` varchar(36) COLLATE utf8_unicode_ci NOT NULL DEFAULT '',
  `sourceId` int(10) NOT NULL,
  `offset` int(10) NOT NULL,
  `uri` varchar(255) COLLATE utf8_unicode_ci DEFAULT NULL,
  `size` varchar(255) COLLATE utf8_unicode_ci DEFAULT NULL,
  `recordId` int(10) DEFAULT NULL,
  `dateCreated` datetime NOT NULL,
  `dateUpdated` datetime NOT NULL,
  `uid` char(36) COLLATE utf8_unicode_ci NOT NULL DEFAULT '0',
  PRIMARY KEY (`id`),
  UNIQUE KEY `craft_assetindexdata_sessionId_sourceId_offset_unq_idx` (`sessionId`,`sourceId`,`offset`),
  KEY `craft_assetindexdata_sourceId_fk` (`sourceId`)
) ENGINE=InnoDB DEFAULT CHARSET=utf8 COLLATE=utf8_unicode_ci;

DROP TABLE IF EXISTS `craft_assetsources`;


--
-- Schema for table `craft_assetsources`
--
CREATE TABLE `craft_assetsources` (
  `id` int(11) NOT NULL AUTO_INCREMENT,
  `name` varchar(255) COLLATE utf8_unicode_ci NOT NULL,
  `handle` varchar(255) COLLATE utf8_unicode_ci NOT NULL,
  `type` varchar(150) COLLATE utf8_unicode_ci NOT NULL,
  `settings` text COLLATE utf8_unicode_ci,
  `sortOrder` smallint(6) unsigned DEFAULT NULL,
  `fieldLayoutId` int(10) DEFAULT NULL,
  `dateCreated` datetime NOT NULL,
  `dateUpdated` datetime NOT NULL,
  `uid` char(36) COLLATE utf8_unicode_ci NOT NULL DEFAULT '0',
  PRIMARY KEY (`id`),
  UNIQUE KEY `craft_assetsources_name_unq_idx` (`name`),
  UNIQUE KEY `craft_assetsources_handle_unq_idx` (`handle`),
  KEY `craft_assetsources_fieldLayoutId_fk` (`fieldLayoutId`)
) ENGINE=InnoDB AUTO_INCREMENT=2 DEFAULT CHARSET=utf8 COLLATE=utf8_unicode_ci;

--
-- Data for table `craft_assetsources`
--

INSERT INTO `craft_assetsources` (`id`, `name`, `handle`, `type`, `settings`, `sortOrder`, `fieldLayoutId`, `dateCreated`, `dateUpdated`, `uid`) VALUES
 ('1', 'Uploads', 'uploads', 'Local', '{\"path\":\"uploads\\/\",\"publicURLs\":\"1\",\"url\":\"\\/uploads\\/\"}', '1', '22', '2018-02-11 00:25:49', '2018-02-11 00:34:03', 'deb872b2-69e7-4cd0-8bef-ad4ac03e8480');



DROP TABLE IF EXISTS `craft_assettransformindex`;


--
-- Schema for table `craft_assettransformindex`
--
CREATE TABLE `craft_assettransformindex` (
  `id` int(11) NOT NULL AUTO_INCREMENT,
  `fileId` int(11) NOT NULL,
  `filename` varchar(255) COLLATE utf8_unicode_ci DEFAULT NULL,
  `format` varchar(255) COLLATE utf8_unicode_ci DEFAULT NULL,
  `location` varchar(255) COLLATE utf8_unicode_ci NOT NULL,
  `sourceId` int(11) DEFAULT NULL,
  `fileExists` tinyint(1) DEFAULT NULL,
  `inProgress` tinyint(1) DEFAULT NULL,
  `dateIndexed` datetime DEFAULT NULL,
  `dateCreated` datetime NOT NULL,
  `dateUpdated` datetime NOT NULL,
  `uid` char(36) COLLATE utf8_unicode_ci NOT NULL DEFAULT '0',
  PRIMARY KEY (`id`),
  KEY `craft_assettransformindex_sourceId_fileId_location_idx` (`sourceId`,`fileId`,`location`)
) ENGINE=InnoDB DEFAULT CHARSET=utf8 COLLATE=utf8_unicode_ci;

DROP TABLE IF EXISTS `craft_assettransforms`;


--
-- Schema for table `craft_assettransforms`
--
CREATE TABLE `craft_assettransforms` (
  `id` int(11) NOT NULL AUTO_INCREMENT,
  `name` varchar(255) COLLATE utf8_unicode_ci NOT NULL,
  `handle` varchar(255) COLLATE utf8_unicode_ci NOT NULL,
  `mode` enum('stretch','fit','crop') COLLATE utf8_unicode_ci NOT NULL DEFAULT 'crop',
  `position` enum('top-left','top-center','top-right','center-left','center-center','center-right','bottom-left','bottom-center','bottom-right') COLLATE utf8_unicode_ci NOT NULL DEFAULT 'center-center',
  `height` int(10) DEFAULT NULL,
  `width` int(10) DEFAULT NULL,
  `format` varchar(255) COLLATE utf8_unicode_ci DEFAULT NULL,
  `quality` int(10) DEFAULT NULL,
  `dimensionChangeTime` datetime DEFAULT NULL,
  `dateCreated` datetime NOT NULL,
  `dateUpdated` datetime NOT NULL,
  `uid` char(36) COLLATE utf8_unicode_ci NOT NULL DEFAULT '0',
  PRIMARY KEY (`id`),
  UNIQUE KEY `craft_assettransforms_name_unq_idx` (`name`),
  UNIQUE KEY `craft_assettransforms_handle_unq_idx` (`handle`)
) ENGINE=InnoDB DEFAULT CHARSET=utf8 COLLATE=utf8_unicode_ci;

DROP TABLE IF EXISTS `craft_categories`;


--
-- Schema for table `craft_categories`
--
CREATE TABLE `craft_categories` (
  `id` int(11) NOT NULL,
  `groupId` int(11) NOT NULL,
  `dateCreated` datetime NOT NULL,
  `dateUpdated` datetime NOT NULL,
  `uid` char(36) COLLATE utf8_unicode_ci NOT NULL DEFAULT '0',
  PRIMARY KEY (`id`),
  KEY `craft_categories_groupId_fk` (`groupId`)
) ENGINE=InnoDB DEFAULT CHARSET=utf8 COLLATE=utf8_unicode_ci;

--
-- Data for table `craft_categories`
--

INSERT INTO `craft_categories` (`id`, `groupId`, `dateCreated`, `dateUpdated`, `uid`) VALUES
 ('7', '1', '2018-02-10 21:58:41', '2018-02-10 21:58:41', 'c805c663-ae88-4e8c-875e-31350f8f2b50'),
 ('8', '1', '2018-02-10 22:00:00', '2018-02-10 22:00:00', 'e28f89a9-df12-41a5-ae74-fc0a485dd499');



DROP TABLE IF EXISTS `craft_categorygroups`;


--
-- Schema for table `craft_categorygroups`
--
CREATE TABLE `craft_categorygroups` (
  `id` int(11) NOT NULL AUTO_INCREMENT,
  `structureId` int(11) NOT NULL,
  `fieldLayoutId` int(11) DEFAULT NULL,
  `name` varchar(255) COLLATE utf8_unicode_ci NOT NULL,
  `handle` varchar(255) COLLATE utf8_unicode_ci NOT NULL,
  `hasUrls` tinyint(1) unsigned NOT NULL DEFAULT '1',
  `template` varchar(500) COLLATE utf8_unicode_ci DEFAULT NULL,
  `dateCreated` datetime NOT NULL,
  `dateUpdated` datetime NOT NULL,
  `uid` char(36) COLLATE utf8_unicode_ci NOT NULL DEFAULT '0',
  PRIMARY KEY (`id`),
  UNIQUE KEY `craft_categorygroups_name_unq_idx` (`name`),
  UNIQUE KEY `craft_categorygroups_handle_unq_idx` (`handle`),
  KEY `craft_categorygroups_structureId_fk` (`structureId`),
  KEY `craft_categorygroups_fieldLayoutId_fk` (`fieldLayoutId`)
) ENGINE=InnoDB AUTO_INCREMENT=2 DEFAULT CHARSET=utf8 COLLATE=utf8_unicode_ci;

--
-- Data for table `craft_categorygroups`
--

INSERT INTO `craft_categorygroups` (`id`, `structureId`, `fieldLayoutId`, `name`, `handle`, `hasUrls`, `template`, `dateCreated`, `dateUpdated`, `uid`) VALUES
 ('1', '1', '10', 'Categories', 'categories', '0', NULL, '2018-02-10 21:58:17', '2018-02-10 21:58:17', '274e3b19-6e84-4bff-b90e-2f76c9d4b326');



DROP TABLE IF EXISTS `craft_categorygroups_i18n`;


--
-- Schema for table `craft_categorygroups_i18n`
--
CREATE TABLE `craft_categorygroups_i18n` (
  `id` int(11) NOT NULL AUTO_INCREMENT,
  `groupId` int(11) NOT NULL,
  `locale` char(12) COLLATE utf8_unicode_ci NOT NULL,
  `urlFormat` text COLLATE utf8_unicode_ci,
  `nestedUrlFormat` text COLLATE utf8_unicode_ci,
  `dateCreated` datetime NOT NULL,
  `dateUpdated` datetime NOT NULL,
  `uid` char(36) COLLATE utf8_unicode_ci NOT NULL DEFAULT '0',
  PRIMARY KEY (`id`),
  UNIQUE KEY `craft_categorygroups_i18n_groupId_locale_unq_idx` (`groupId`,`locale`),
  KEY `craft_categorygroups_i18n_locale_fk` (`locale`)
) ENGINE=InnoDB AUTO_INCREMENT=2 DEFAULT CHARSET=utf8 COLLATE=utf8_unicode_ci;

--
-- Data for table `craft_categorygroups_i18n`
--

INSERT INTO `craft_categorygroups_i18n` (`id`, `groupId`, `locale`, `urlFormat`, `nestedUrlFormat`, `dateCreated`, `dateUpdated`, `uid`) VALUES
 ('1', '1', 'en_nz', NULL, NULL, '2018-02-10 21:58:17', '2018-02-10 21:58:17', 'b2ce152f-9174-45cd-a0de-12306064c4ef');



DROP TABLE IF EXISTS `craft_content`;


--
-- Schema for table `craft_content`
--
CREATE TABLE `craft_content` (
  `id` int(11) NOT NULL AUTO_INCREMENT,
  `elementId` int(11) NOT NULL,
  `locale` char(12) COLLATE utf8_unicode_ci NOT NULL,
  `title` varchar(255) COLLATE utf8_unicode_ci DEFAULT NULL,
  `field_body` text COLLATE utf8_unicode_ci,
  `field_email` varchar(32) COLLATE utf8_unicode_ci DEFAULT NULL,
  `field_phone` varchar(16) COLLATE utf8_unicode_ci DEFAULT NULL,
  `field_address` text COLLATE utf8_unicode_ci,
  `field_socialMediaOne` varchar(22) COLLATE utf8_unicode_ci DEFAULT NULL,
  `field_socialMediaTwo` varchar(22) COLLATE utf8_unicode_ci DEFAULT NULL,
  `field_socialMediaThree` varchar(22) COLLATE utf8_unicode_ci DEFAULT NULL,
  `field_socialMediaOneTitle` varchar(12) COLLATE utf8_unicode_ci DEFAULT NULL,
  `field_socialmediaTwoTitle` varchar(12) COLLATE utf8_unicode_ci DEFAULT NULL,
  `field_socialMediaThreeTitle` varchar(12) COLLATE utf8_unicode_ci DEFAULT NULL,
  `field_bio` text COLLATE utf8_unicode_ci,
  `dateCreated` datetime NOT NULL,
  `dateUpdated` datetime NOT NULL,
  `uid` char(36) COLLATE utf8_unicode_ci NOT NULL DEFAULT '0',
  PRIMARY KEY (`id`),
  UNIQUE KEY `craft_content_elementId_locale_unq_idx` (`elementId`,`locale`),
  KEY `craft_content_title_idx` (`title`),
  KEY `craft_content_locale_fk` (`locale`)
) ENGINE=InnoDB AUTO_INCREMENT=11 DEFAULT CHARSET=utf8 COLLATE=utf8_unicode_ci;

--
-- Data for table `craft_content`
--

INSERT INTO `craft_content` (`id`, `elementId`, `locale`, `title`, `field_body`, `field_email`, `field_phone`, `field_address`, `field_socialMediaOne`, `field_socialMediaTwo`, `field_socialMediaThree`, `field_socialMediaOneTitle`, `field_socialmediaTwoTitle`, `field_socialMediaThreeTitle`, `field_bio`, `dateCreated`, `dateUpdated`, `uid`) VALUES
 ('1', '1', 'en_nz', NULL, NULL, NULL, NULL, NULL, NULL, NULL, NULL, NULL, NULL, NULL, NULL, '2018-02-08 03:54:15', '2018-02-11 00:16:14', 'ad7f2f80-1221-4d99-8ad4-6beeb440a50d'),
 ('2', '2', 'en_nz', 'Home', '', NULL, NULL, NULL, NULL, NULL, NULL, NULL, NULL, NULL, NULL, '2018-02-08 03:54:16', '2018-02-08 20:51:14', 'e342c23b-3f6a-49b3-a7d3-c0f9bdf49f74'),
 ('3', '3', 'en_nz', 'About', '<p>Lorem ipsum dolor sit amet, consectetur adipiscing elit. Maecenas eu nunc vitae urna commodo posuere in dignissim mauris. Nam et purus eget augue semper faucibus et nec justo. Nulla sit amet imperdiet augue. Quisque aliquet ipsum ligula, eu gravida arcu euismod sit amet. Praesent dictum odio ut venenatis ornare. Curabitur tempor vel est id porttitor. Sed id diam augue.\n</p>\n<p>\nNunc in quam malesuada, fermentum enim ut, lacinia libero. Donec est neque, venenatis ut purus non, volutpat sodales lectus. Vestibulum vulputate diam sit amet arcu lobortis mollis. Nullam dapibus venenatis condimentum. Praesent maximus ut dui vel suscipit. Nunc scelerisque iaculis ipsum, quis accumsan turpis commodo et. Suspendisse nisi eros, vulputate in porta non, pharetra in enim. Nunc molestie sem felis, feugiat dignissim risus laoreet quis. Vivamus elementum faucibus tempor. Mauris mollis dolor in justo sollicitudin, ac lobortis elit ornare. Maecenas tristique elit vel vehicula placerat. Etiam in pretium orci. Nunc ultrices convallis vestibulum. Sed pulvinar sapien id urna pharetra consequat. Nulla non mi dictum, elementum metus vel, posuere erat.\n</p>', NULL, NULL, NULL, NULL, NULL, NULL, NULL, NULL, NULL, NULL, '2018-02-08 20:51:46', '2018-02-10 23:11:00', 'dac6f73b-f1a3-4aa3-b032-ef001e68d802'),
 ('4', '4', 'en_nz', 'Contact', NULL, 'emilymoonproducer@icloud', '+64 21 858 787', '', 'https://facebook.com', '', '', 'Facebook', NULL, NULL, NULL, '2018-02-08 20:52:00', '2018-02-10 22:44:20', '73e614da-65aa-401c-9b3a-1fe51576d1cd'),
 ('5', '5', 'en_nz', 'Photographers', NULL, NULL, NULL, NULL, NULL, NULL, NULL, NULL, NULL, NULL, NULL, '2018-02-08 21:03:22', '2018-02-08 21:03:22', 'be010da4-fb41-49ad-8783-e421d0e23e3f'),
 ('6', '6', 'en_nz', 'Categories', NULL, NULL, NULL, NULL, NULL, NULL, NULL, NULL, NULL, NULL, NULL, '2018-02-08 21:03:38', '2018-02-08 21:03:38', '415b63b2-62b5-473e-80bd-1995f749ba62'),
 ('7', '7', 'en_nz', 'Video', NULL, NULL, NULL, NULL, NULL, NULL, NULL, NULL, NULL, NULL, NULL, '2018-02-10 21:58:41', '2018-02-10 21:58:41', 'adf37542-1743-4beb-90f1-b07eee3337c3'),
 ('8', '8', 'en_nz', 'Portrait', NULL, NULL, NULL, NULL, NULL, NULL, NULL, NULL, NULL, NULL, NULL, '2018-02-10 22:00:00', '2018-02-10 22:00:00', '0e296b83-a424-4dc9-a11f-4d2f6d7b6af2'),
 ('9', '9', 'en_nz', 'Matt Quérée', NULL, NULL, NULL, NULL, NULL, NULL, NULL, NULL, NULL, NULL, '<p>Matt</p>', '2018-02-11 00:18:26', '2018-02-11 00:43:38', '3ffacb3e-ecf8-491b-8378-691065136e3a'),
 ('10', '10', 'en_nz', 'Grey', NULL, NULL, NULL, NULL, NULL, NULL, NULL, NULL, NULL, NULL, NULL, '2018-02-11 00:34:17', '2018-02-11 00:34:17', 'ef288b26-f9dc-49c7-8525-2d25efc093de');



DROP TABLE IF EXISTS `craft_deprecationerrors`;


--
-- Schema for table `craft_deprecationerrors`
--
CREATE TABLE `craft_deprecationerrors` (
  `id` int(11) NOT NULL AUTO_INCREMENT,
  `key` varchar(255) COLLATE utf8_unicode_ci NOT NULL,
  `fingerprint` varchar(255) COLLATE utf8_unicode_ci NOT NULL,
  `lastOccurrence` datetime NOT NULL,
  `file` varchar(255) COLLATE utf8_unicode_ci NOT NULL,
  `line` smallint(6) unsigned NOT NULL,
  `class` varchar(255) COLLATE utf8_unicode_ci DEFAULT NULL,
  `method` varchar(255) COLLATE utf8_unicode_ci DEFAULT NULL,
  `template` varchar(255) COLLATE utf8_unicode_ci DEFAULT NULL,
  `templateLine` smallint(6) unsigned DEFAULT NULL,
  `message` varchar(255) COLLATE utf8_unicode_ci DEFAULT NULL,
  `traces` text COLLATE utf8_unicode_ci,
  `dateCreated` datetime NOT NULL,
  `dateUpdated` datetime NOT NULL,
  `uid` char(36) COLLATE utf8_unicode_ci NOT NULL DEFAULT '0',
  PRIMARY KEY (`id`),
  UNIQUE KEY `craft_deprecationerrors_key_fingerprint_unq_idx` (`key`,`fingerprint`)
) ENGINE=InnoDB DEFAULT CHARSET=utf8 COLLATE=utf8_unicode_ci;

DROP TABLE IF EXISTS `craft_elementindexsettings`;


--
-- Schema for table `craft_elementindexsettings`
--
CREATE TABLE `craft_elementindexsettings` (
  `id` int(11) NOT NULL AUTO_INCREMENT,
  `type` varchar(150) COLLATE utf8_unicode_ci NOT NULL,
  `settings` text COLLATE utf8_unicode_ci,
  `dateCreated` datetime NOT NULL,
  `dateUpdated` datetime NOT NULL,
  `uid` char(36) COLLATE utf8_unicode_ci NOT NULL DEFAULT '0',
  PRIMARY KEY (`id`),
  UNIQUE KEY `craft_elementindexsettings_type_unq_idx` (`type`)
) ENGINE=InnoDB DEFAULT CHARSET=utf8 COLLATE=utf8_unicode_ci;

DROP TABLE IF EXISTS `craft_elements`;


--
-- Schema for table `craft_elements`
--
CREATE TABLE `craft_elements` (
  `id` int(11) NOT NULL AUTO_INCREMENT,
  `type` varchar(150) COLLATE utf8_unicode_ci NOT NULL,
  `enabled` tinyint(1) unsigned NOT NULL DEFAULT '1',
  `archived` tinyint(1) unsigned NOT NULL DEFAULT '0',
  `dateCreated` datetime NOT NULL,
  `dateUpdated` datetime NOT NULL,
  `uid` char(36) COLLATE utf8_unicode_ci NOT NULL DEFAULT '0',
  PRIMARY KEY (`id`),
  KEY `craft_elements_type_idx` (`type`),
  KEY `craft_elements_enabled_idx` (`enabled`),
  KEY `craft_elements_archived_dateCreated_idx` (`archived`,`dateCreated`)
) ENGINE=InnoDB AUTO_INCREMENT=13 DEFAULT CHARSET=utf8 COLLATE=utf8_unicode_ci;

--
-- Data for table `craft_elements`
--

INSERT INTO `craft_elements` (`id`, `type`, `enabled`, `archived`, `dateCreated`, `dateUpdated`, `uid`) VALUES
 ('1', 'User', '1', '0', '2018-02-08 03:54:15', '2018-02-11 00:16:14', 'b28edca6-a98b-4edb-a4a6-d086b855b02b'),
 ('2', 'Entry', '1', '0', '2018-02-08 03:54:16', '2018-02-08 20:51:14', 'ae4d50f0-2d7f-44ee-8c74-75d416864d17'),
 ('3', 'Entry', '1', '0', '2018-02-08 20:51:46', '2018-02-10 23:11:00', '982e7892-f2d4-4786-8b2a-e2d9678dff75'),
 ('4', 'Entry', '1', '0', '2018-02-08 20:52:00', '2018-02-10 22:44:20', '1340acf0-cada-4d1a-9aa0-c0b00838007c'),
 ('5', 'Entry', '1', '0', '2018-02-08 21:03:22', '2018-02-08 21:03:22', '3d01de35-693f-4f29-b16d-fd7b0c0a7777'),
 ('6', 'Entry', '1', '0', '2018-02-08 21:03:38', '2018-02-08 21:03:38', '2e8a769e-f976-4bde-a590-6fdb1f51b27c'),
 ('7', 'Category', '1', '0', '2018-02-10 21:58:41', '2018-02-10 21:58:41', '34eb9856-4bf2-497c-a672-9286fa8c50f9'),
 ('8', 'Category', '1', '0', '2018-02-10 22:00:00', '2018-02-10 22:00:00', 'f72eafbf-3f79-43f5-a99e-a8497672be1e'),
 ('9', 'Entry', '1', '0', '2018-02-11 00:18:26', '2018-02-11 00:43:38', '408d9d6d-5ada-48dd-92c9-1248ba24b23d'),
 ('10', 'Asset', '1', '0', '2018-02-11 00:34:17', '2018-02-11 00:34:17', 'b87e8bdb-a306-40be-a4dd-7fd438cb5016'),
 ('11', 'MatrixBlock', '1', '0', '2018-02-11 00:34:47', '2018-02-11 00:43:38', 'e080cb31-8411-43a6-80c0-476f7b900df7'),
 ('12', 'MatrixBlock', '1', '0', '2018-02-11 00:34:47', '2018-02-11 00:43:38', '70bcdb90-5a58-43bc-be57-9b6b801ad14f');



DROP TABLE IF EXISTS `craft_elements_i18n`;


--
-- Schema for table `craft_elements_i18n`
--
CREATE TABLE `craft_elements_i18n` (
  `id` int(11) NOT NULL AUTO_INCREMENT,
  `elementId` int(11) NOT NULL,
  `locale` char(12) COLLATE utf8_unicode_ci NOT NULL,
  `slug` varchar(255) COLLATE utf8_unicode_ci DEFAULT NULL,
  `uri` varchar(255) COLLATE utf8_unicode_ci DEFAULT NULL,
  `enabled` tinyint(1) unsigned NOT NULL DEFAULT '1',
  `dateCreated` datetime NOT NULL,
  `dateUpdated` datetime NOT NULL,
  `uid` char(36) COLLATE utf8_unicode_ci NOT NULL DEFAULT '0',
  PRIMARY KEY (`id`),
  UNIQUE KEY `craft_elements_i18n_elementId_locale_unq_idx` (`elementId`,`locale`),
  UNIQUE KEY `craft_elements_i18n_uri_locale_unq_idx` (`uri`,`locale`),
  KEY `craft_elements_i18n_slug_locale_idx` (`slug`,`locale`),
  KEY `craft_elements_i18n_enabled_idx` (`enabled`),
  KEY `craft_elements_i18n_locale_fk` (`locale`)
) ENGINE=InnoDB AUTO_INCREMENT=13 DEFAULT CHARSET=utf8 COLLATE=utf8_unicode_ci;

--
-- Data for table `craft_elements_i18n`
--

INSERT INTO `craft_elements_i18n` (`id`, `elementId`, `locale`, `slug`, `uri`, `enabled`, `dateCreated`, `dateUpdated`, `uid`) VALUES
 ('1', '1', 'en_nz', '', NULL, '1', '2018-02-08 03:54:15', '2018-02-11 00:16:14', 'ee6cb903-5b76-4fd6-bdcb-c3b4ea9a4f54'),
 ('2', '2', 'en_nz', 'homepage', '__home__', '1', '2018-02-08 03:54:16', '2018-02-08 20:51:14', '6f45b341-6440-4061-9244-180f0f0ad9c9'),
 ('3', '3', 'en_nz', 'about', 'about', '1', '2018-02-08 20:51:46', '2018-02-10 23:11:00', '3a908153-74bc-4888-9fe9-ea216f6f113b'),
 ('4', '4', 'en_nz', 'contact', 'contact', '1', '2018-02-08 20:52:00', '2018-02-10 22:44:21', '766a747f-581c-439f-85fd-ce3d7e4e1bc3'),
 ('5', '5', 'en_nz', 'photographers', 'photographers', '1', '2018-02-08 21:03:22', '2018-02-08 21:03:22', 'af469368-d514-4730-a6c3-4266dd18818a'),
 ('6', '6', 'en_nz', 'categories', 'categories', '1', '2018-02-08 21:03:38', '2018-02-08 21:03:38', '21574645-47a3-4592-b3f7-724d4f25e7b1'),
 ('7', '7', 'en_nz', 'video', NULL, '1', '2018-02-10 21:58:41', '2018-02-10 21:58:41', '5ba45327-a4f9-4633-bb84-291edefae0f4'),
 ('8', '8', 'en_nz', 'portrait', NULL, '1', '2018-02-10 22:00:00', '2018-02-10 22:00:01', 'ef9a99e6-dc66-45fd-af47-5a3000719152'),
 ('9', '9', 'en_nz', 'matt-quérée', 'photographers/matt-quérée', '1', '2018-02-11 00:18:26', '2018-02-11 00:43:38', '9c024bd2-3bcf-4523-b382-014b570ffe2c'),
 ('10', '10', 'en_nz', 'grey', NULL, '1', '2018-02-11 00:34:17', '2018-02-11 00:34:17', 'b4ab0d43-4d6a-4116-a9b5-46665841a212'),
 ('11', '11', 'en_nz', '', NULL, '1', '2018-02-11 00:34:47', '2018-02-11 00:43:38', '08d0b96f-0cab-4fb5-b548-886894314e1c'),
 ('12', '12', 'en_nz', '', NULL, '1', '2018-02-11 00:34:47', '2018-02-11 00:43:38', '45d7f834-705c-410f-8528-c6f9af7b975c');



DROP TABLE IF EXISTS `craft_emailmessages`;


--
-- Schema for table `craft_emailmessages`
--
CREATE TABLE `craft_emailmessages` (
  `id` int(11) NOT NULL AUTO_INCREMENT,
  `key` char(150) COLLATE utf8_unicode_ci NOT NULL,
  `locale` char(12) COLLATE utf8_unicode_ci NOT NULL,
  `subject` varchar(1000) COLLATE utf8_unicode_ci NOT NULL,
  `body` text COLLATE utf8_unicode_ci NOT NULL,
  `dateCreated` datetime NOT NULL,
  `dateUpdated` datetime NOT NULL,
  `uid` char(36) COLLATE utf8_unicode_ci NOT NULL DEFAULT '0',
  PRIMARY KEY (`id`),
  UNIQUE KEY `craft_emailmessages_key_locale_unq_idx` (`key`,`locale`),
  KEY `craft_emailmessages_locale_fk` (`locale`)
) ENGINE=InnoDB DEFAULT CHARSET=utf8 COLLATE=utf8_unicode_ci;

DROP TABLE IF EXISTS `craft_entries`;


--
-- Schema for table `craft_entries`
--
CREATE TABLE `craft_entries` (
  `id` int(11) NOT NULL,
  `sectionId` int(11) NOT NULL,
  `typeId` int(11) DEFAULT NULL,
  `authorId` int(11) DEFAULT NULL,
  `postDate` datetime DEFAULT NULL,
  `expiryDate` datetime DEFAULT NULL,
  `dateCreated` datetime NOT NULL,
  `dateUpdated` datetime NOT NULL,
  `uid` char(36) COLLATE utf8_unicode_ci NOT NULL DEFAULT '0',
  PRIMARY KEY (`id`),
  KEY `craft_entries_sectionId_idx` (`sectionId`),
  KEY `craft_entries_typeId_idx` (`typeId`),
  KEY `craft_entries_postDate_idx` (`postDate`),
  KEY `craft_entries_expiryDate_idx` (`expiryDate`),
  KEY `craft_entries_authorId_fk` (`authorId`)
) ENGINE=InnoDB DEFAULT CHARSET=utf8 COLLATE=utf8_unicode_ci;

--
-- Data for table `craft_entries`
--

INSERT INTO `craft_entries` (`id`, `sectionId`, `typeId`, `authorId`, `postDate`, `expiryDate`, `dateCreated`, `dateUpdated`, `uid`) VALUES
 ('2', '1', '1', NULL, '2018-02-08 03:59:45', NULL, '2018-02-08 03:54:16', '2018-02-08 20:51:14', 'bd1eb6d9-989e-4128-9bd2-61b9124159a0'),
 ('3', '2', NULL, NULL, '2018-02-08 20:51:46', NULL, '2018-02-08 20:51:46', '2018-02-10 23:11:00', 'cf305e10-ea3b-4ab7-b28f-5fe38be3ad00'),
 ('4', '3', NULL, NULL, '2018-02-08 20:52:00', NULL, '2018-02-08 20:52:00', '2018-02-10 22:44:21', 'd42c3ab7-c095-4d43-9c95-caf8d425737b'),
 ('5', '4', NULL, NULL, '2018-02-08 21:03:22', NULL, '2018-02-08 21:03:22', '2018-02-08 21:03:22', 'ae99cbcf-76c0-4a49-b9bd-aa42cb6990cc'),
 ('6', '5', NULL, NULL, '2018-02-08 21:03:38', NULL, '2018-02-08 21:03:38', '2018-02-08 21:03:38', 'dfbaffc7-9e40-4001-8f59-538153303db1'),
 ('9', '6', '6', '1', '2018-02-11 00:18:00', NULL, '2018-02-11 00:18:26', '2018-02-11 00:43:38', '20592903-4a9a-4b25-89bc-7a8ad122c863');



DROP TABLE IF EXISTS `craft_entrydrafts`;


--
-- Schema for table `craft_entrydrafts`
--
CREATE TABLE `craft_entrydrafts` (
  `id` int(11) NOT NULL AUTO_INCREMENT,
  `entryId` int(11) NOT NULL,
  `sectionId` int(11) NOT NULL,
  `creatorId` int(11) NOT NULL,
  `locale` char(12) COLLATE utf8_unicode_ci NOT NULL,
  `name` varchar(255) COLLATE utf8_unicode_ci NOT NULL,
  `notes` tinytext COLLATE utf8_unicode_ci,
  `data` mediumtext COLLATE utf8_unicode_ci NOT NULL,
  `dateCreated` datetime NOT NULL,
  `dateUpdated` datetime NOT NULL,
  `uid` char(36) COLLATE utf8_unicode_ci NOT NULL DEFAULT '0',
  PRIMARY KEY (`id`),
  KEY `craft_entrydrafts_entryId_locale_idx` (`entryId`,`locale`),
  KEY `craft_entrydrafts_sectionId_fk` (`sectionId`),
  KEY `craft_entrydrafts_creatorId_fk` (`creatorId`),
  KEY `craft_entrydrafts_locale_fk` (`locale`)
) ENGINE=InnoDB DEFAULT CHARSET=utf8 COLLATE=utf8_unicode_ci;

DROP TABLE IF EXISTS `craft_entrytypes`;


--
-- Schema for table `craft_entrytypes`
--
CREATE TABLE `craft_entrytypes` (
  `id` int(11) NOT NULL AUTO_INCREMENT,
  `sectionId` int(11) NOT NULL,
  `fieldLayoutId` int(11) DEFAULT NULL,
  `name` varchar(255) COLLATE utf8_unicode_ci NOT NULL,
  `handle` varchar(255) COLLATE utf8_unicode_ci NOT NULL,
  `hasTitleField` tinyint(1) unsigned NOT NULL DEFAULT '1',
  `titleLabel` varchar(255) COLLATE utf8_unicode_ci DEFAULT 'Title',
  `titleFormat` varchar(255) COLLATE utf8_unicode_ci DEFAULT NULL,
  `sortOrder` smallint(6) unsigned DEFAULT NULL,
  `dateCreated` datetime NOT NULL,
  `dateUpdated` datetime NOT NULL,
  `uid` char(36) COLLATE utf8_unicode_ci NOT NULL DEFAULT '0',
  PRIMARY KEY (`id`),
  UNIQUE KEY `craft_entrytypes_name_sectionId_unq_idx` (`name`,`sectionId`),
  UNIQUE KEY `craft_entrytypes_handle_sectionId_unq_idx` (`handle`,`sectionId`),
  KEY `craft_entrytypes_sectionId_fk` (`sectionId`),
  KEY `craft_entrytypes_fieldLayoutId_fk` (`fieldLayoutId`)
) ENGINE=InnoDB AUTO_INCREMENT=7 DEFAULT CHARSET=utf8 COLLATE=utf8_unicode_ci;

--
-- Data for table `craft_entrytypes`
--

INSERT INTO `craft_entrytypes` (`id`, `sectionId`, `fieldLayoutId`, `name`, `handle`, `hasTitleField`, `titleLabel`, `titleFormat`, `sortOrder`, `dateCreated`, `dateUpdated`, `uid`) VALUES
 ('1', '1', '4', 'Home', 'homepage', '0', NULL, '{section.name|raw}', '1', '2018-02-08 03:54:16', '2018-02-08 20:51:07', 'f2ac23bb-ea63-4eda-a77d-aaab1549d112'),
 ('2', '2', '14', 'About', 'about', '0', NULL, '{section.name|raw}', '1', '2018-02-08 20:51:46', '2018-02-10 23:10:24', 'db024e6b-236b-4354-b245-1a5a74788e13'),
 ('3', '3', '13', 'Contact', 'contact', '0', NULL, '{section.name|raw}', '1', '2018-02-08 20:52:00', '2018-02-10 23:01:38', '8f362a68-2098-40e6-a1e0-c8c35e291083'),
 ('4', '4', '7', 'Photographers', 'photographers', '0', NULL, '{section.name|raw}', '1', '2018-02-08 21:03:22', '2018-02-08 21:03:22', '9fd4749f-0f4f-4443-8cd0-89d26235fba0'),
 ('5', '5', '8', 'Categories', 'categories', '0', NULL, '{section.name|raw}', '1', '2018-02-08 21:03:38', '2018-02-08 21:03:38', 'e06c12ed-8422-4f82-8e93-9e49a734b1a8'),
 ('6', '6', '17', 'Photographer', 'photographerEntry', '1', 'Title', NULL, '1', '2018-02-10 22:07:49', '2018-02-11 00:24:19', '4275c0ea-76ec-471d-b204-8aaa50b5a0be');



DROP TABLE IF EXISTS `craft_entryversions`;


--
-- Schema for table `craft_entryversions`
--
CREATE TABLE `craft_entryversions` (
  `id` int(11) NOT NULL AUTO_INCREMENT,
  `entryId` int(11) NOT NULL,
  `sectionId` int(11) NOT NULL,
  `creatorId` int(11) DEFAULT NULL,
  `locale` char(12) COLLATE utf8_unicode_ci NOT NULL,
  `num` smallint(6) unsigned NOT NULL,
  `notes` tinytext COLLATE utf8_unicode_ci,
  `data` mediumtext COLLATE utf8_unicode_ci NOT NULL,
  `dateCreated` datetime NOT NULL,
  `dateUpdated` datetime NOT NULL,
  `uid` char(36) COLLATE utf8_unicode_ci NOT NULL DEFAULT '0',
  PRIMARY KEY (`id`),
  KEY `craft_entryversions_entryId_locale_idx` (`entryId`,`locale`),
  KEY `craft_entryversions_sectionId_fk` (`sectionId`),
  KEY `craft_entryversions_creatorId_fk` (`creatorId`),
  KEY `craft_entryversions_locale_fk` (`locale`)
) ENGINE=InnoDB AUTO_INCREMENT=15 DEFAULT CHARSET=utf8 COLLATE=utf8_unicode_ci;

--
-- Data for table `craft_entryversions`
--

INSERT INTO `craft_entryversions` (`id`, `entryId`, `sectionId`, `creatorId`, `locale`, `num`, `notes`, `data`, `dateCreated`, `dateUpdated`, `uid`) VALUES
 ('1', '2', '1', '1', 'en_nz', '1', NULL, '{\"typeId\":\"1\",\"authorId\":null,\"title\":\"Homepage\",\"slug\":\"homepage\",\"postDate\":1518062056,\"expiryDate\":null,\"enabled\":1,\"parentId\":null,\"fields\":[]}', '2018-02-08 03:54:16', '2018-02-08 03:54:16', '5c1ff53a-c9f8-4cb0-8bf5-82c9679ab55f'),
 ('2', '2', '1', '1', 'en_nz', '2', '', '{\"typeId\":\"1\",\"authorId\":null,\"title\":\"Home\",\"slug\":\"homepage\",\"postDate\":1518062385,\"expiryDate\":null,\"enabled\":1,\"parentId\":null,\"fields\":{\"1\":\"<p>Home<\\/p>\"}}', '2018-02-08 20:50:43', '2018-02-08 20:50:43', '7921d1a6-a219-4c1b-a0d8-18f86de3fd0d'),
 ('3', '2', '1', '1', 'en_nz', '3', '', '{\"typeId\":\"1\",\"authorId\":null,\"title\":\"Home\",\"slug\":\"homepage\",\"postDate\":1518062385,\"expiryDate\":null,\"enabled\":1,\"parentId\":null,\"fields\":{\"1\":\"\"}}', '2018-02-08 20:51:14', '2018-02-08 20:51:14', '4f1b87a4-c13f-497c-a7a2-abebb3825fd8'),
 ('4', '3', '2', '1', 'en_nz', '1', NULL, '{\"typeId\":\"2\",\"authorId\":null,\"title\":\"About\",\"slug\":\"about\",\"postDate\":1518123106,\"expiryDate\":null,\"enabled\":1,\"parentId\":null,\"fields\":[]}', '2018-02-08 20:51:46', '2018-02-08 20:51:46', '8f406a68-3b0c-4028-8cad-bafff1c2a90e'),
 ('5', '4', '3', '1', 'en_nz', '1', NULL, '{\"typeId\":\"3\",\"authorId\":null,\"title\":\"Contact\",\"slug\":\"contact\",\"postDate\":1518123120,\"expiryDate\":null,\"enabled\":1,\"parentId\":null,\"fields\":[]}', '2018-02-08 20:52:00', '2018-02-08 20:52:00', '1db813a0-de95-4ef8-8464-b83c156c8ded'),
 ('6', '5', '4', '1', 'en_nz', '1', NULL, '{\"typeId\":\"4\",\"authorId\":null,\"title\":\"Photographers\",\"slug\":\"photographers\",\"postDate\":1518123802,\"expiryDate\":null,\"enabled\":1,\"parentId\":null,\"fields\":[]}', '2018-02-08 21:03:22', '2018-02-08 21:03:22', 'a975d284-85e7-4855-8aec-31b8a1606957'),
 ('7', '6', '5', '1', 'en_nz', '1', NULL, '{\"typeId\":\"5\",\"authorId\":null,\"title\":\"Categories\",\"slug\":\"categories\",\"postDate\":1518123818,\"expiryDate\":null,\"enabled\":1,\"parentId\":null,\"fields\":[]}', '2018-02-08 21:03:38', '2018-02-08 21:03:38', '88fee603-6f11-4120-b50b-0963e985fb70'),
 ('8', '4', '3', '1', 'en_nz', '2', '', '{\"typeId\":null,\"authorId\":null,\"title\":\"Contact\",\"slug\":\"contact\",\"postDate\":1518123120,\"expiryDate\":null,\"enabled\":1,\"parentId\":null,\"fields\":{\"5\":\"\",\"3\":\"emilymoonproducer@icloud\",\"4\":\"+64 21 858 787\",\"7\":\"\",\"8\":\"\",\"6\":\"https:\\/\\/facebook.com\"}}', '2018-02-10 22:06:24', '2018-02-10 22:06:24', '0973bed0-d795-4afc-9107-708aef4e337e'),
 ('9', '4', '3', '1', 'en_nz', '3', '', '{\"typeId\":null,\"authorId\":null,\"title\":\"Contact\",\"slug\":\"contact\",\"postDate\":1518123120,\"expiryDate\":null,\"enabled\":1,\"parentId\":null,\"fields\":{\"5\":\"\",\"3\":\"emilymoonproducer@icloud\",\"4\":\"+64 21 858 787\",\"6\":\"https:\\/\\/facebook.com\",\"7\":\"\",\"8\":\"\",\"9\":\"Facebook\"}}', '2018-02-10 22:44:21', '2018-02-10 22:44:21', '7e03a182-a195-4ee5-9ff8-77c8acefa29e'),
 ('10', '3', '2', '1', 'en_nz', '2', '', '{\"typeId\":null,\"authorId\":null,\"title\":\"About\",\"slug\":\"about\",\"postDate\":1518123106,\"expiryDate\":null,\"enabled\":1,\"parentId\":null,\"fields\":{\"1\":\"<p>Lorem ipsum dolor sit amet, consectetur adipiscing elit. Maecenas eu nunc vitae urna commodo posuere in dignissim mauris. Nam et purus eget augue semper faucibus et nec justo. Nulla sit amet imperdiet augue. Quisque aliquet ipsum ligula, eu gravida arcu euismod sit amet. Praesent dictum odio ut venenatis ornare. Curabitur tempor vel est id porttitor. Sed id diam augue.\\r\\n<\\/p>\\r\\n<p>\\r\\nNunc in quam malesuada, fermentum enim ut, lacinia libero. Donec est neque, venenatis ut purus non, volutpat sodales lectus. Vestibulum vulputate diam sit amet arcu lobortis mollis. Nullam dapibus venenatis condimentum. Praesent maximus ut dui vel suscipit. Nunc scelerisque iaculis ipsum, quis accumsan turpis commodo et. Suspendisse nisi eros, vulputate in porta non, pharetra in enim. Nunc molestie sem felis, feugiat dignissim risus laoreet quis. Vivamus elementum faucibus tempor. Mauris mollis dolor in justo sollicitudin, ac lobortis elit ornare. Maecenas tristique elit vel vehicula placerat. Etiam in pretium orci. Nunc ultrices convallis vestibulum. Sed pulvinar sapien id urna pharetra consequat. Nulla non mi dictum, elementum metus vel, posuere erat.\\r\\n<\\/p>\"}}', '2018-02-10 23:11:00', '2018-02-10 23:11:00', '1f20349d-c508-45ff-8fde-ed28be7cd9d3'),
 ('11', '9', '6', '1', 'en_nz', '1', '', '{\"typeId\":null,\"authorId\":\"1\",\"title\":\"Matt Qu\\u00e9r\\u00e9e\",\"slug\":\"matt-qu\\u00e9r\\u00e9e\",\"postDate\":1518308306,\"expiryDate\":null,\"enabled\":1,\"parentId\":null,\"fields\":{\"12\":\"<p>Matt<\\/p><p><\\/p>\"}}', '2018-02-11 00:18:26', '2018-02-11 00:18:26', '4bb80284-e15a-47a6-ba79-fc8701e44d8a'),
 ('12', '9', '6', '1', 'en_nz', '2', '', '{\"typeId\":\"6\",\"authorId\":\"1\",\"title\":\"Matt Qu\\u00e9r\\u00e9e\",\"slug\":\"matt-qu\\u00e9r\\u00e9e\",\"postDate\":1518308280,\"expiryDate\":null,\"enabled\":1,\"parentId\":null,\"fields\":{\"12\":\"<p>Matt<\\/p>\",\"13\":{\"new1\":{\"type\":\"photographContent\",\"enabled\":\"1\",\"fields\":{\"photograph\":[\"10\"],\"video\":\"\",\"category\":[\"8\"]}},\"new2\":{\"type\":\"photographContent\",\"enabled\":\"1\",\"fields\":{\"photograph\":[\"10\"],\"video\":\"\",\"category\":[\"7\"]}}}}}', '2018-02-11 00:34:47', '2018-02-11 00:34:47', 'fe784eaf-0d6a-46b2-90bd-6b52c35b2ae4'),
 ('13', '9', '6', '1', 'en_nz', '3', '', '{\"typeId\":\"6\",\"authorId\":\"1\",\"title\":\"Matt Qu\\u00e9r\\u00e9e\",\"slug\":\"matt-qu\\u00e9r\\u00e9e\",\"postDate\":1518308280,\"expiryDate\":null,\"enabled\":1,\"parentId\":null,\"fields\":{\"12\":\"<p>Matt<\\/p>\",\"13\":{\"11\":{\"type\":\"photographContent\",\"enabled\":\"1\",\"fields\":{\"photograph\":[\"10\"],\"video\":\"\",\"category\":[\"8\"]}},\"12\":{\"type\":\"photographContent\",\"enabled\":\"1\",\"fields\":{\"photograph\":[\"10\"],\"video\":\"\",\"category\":[\"7\"]}}}}}', '2018-02-11 00:35:16', '2018-02-11 00:35:16', '725b0599-cfe8-4f43-9f55-d02385aff69c'),
 ('14', '9', '6', '1', 'en_nz', '4', '', '{\"typeId\":\"6\",\"authorId\":\"1\",\"title\":\"Matt Qu\\u00e9r\\u00e9e\",\"slug\":\"matt-qu\\u00e9r\\u00e9e\",\"postDate\":1518308280,\"expiryDate\":null,\"enabled\":1,\"parentId\":null,\"fields\":{\"12\":\"<p>Matt<\\/p>\",\"13\":{\"11\":{\"type\":\"photographContent\",\"enabled\":\"1\",\"fields\":{\"photograph\":[\"10\"],\"video\":\"\",\"category\":[\"8\"],\"featured\":\"1\"}},\"12\":{\"type\":\"photographContent\",\"enabled\":\"1\",\"fields\":{\"photograph\":[\"10\"],\"video\":\"\",\"category\":[\"7\"],\"featured\":\"\"}}}}}', '2018-02-11 00:43:38', '2018-02-11 00:43:38', 'c82e44e1-178b-4dca-a057-6aad587ae93a');



DROP TABLE IF EXISTS `craft_fieldgroups`;


--
-- Schema for table `craft_fieldgroups`
--
CREATE TABLE `craft_fieldgroups` (
  `id` int(11) NOT NULL AUTO_INCREMENT,
  `name` varchar(255) COLLATE utf8_unicode_ci NOT NULL,
  `dateCreated` datetime NOT NULL,
  `dateUpdated` datetime NOT NULL,
  `uid` char(36) COLLATE utf8_unicode_ci NOT NULL DEFAULT '0',
  PRIMARY KEY (`id`),
  UNIQUE KEY `craft_fieldgroups_name_unq_idx` (`name`)
) ENGINE=InnoDB AUTO_INCREMENT=4 DEFAULT CHARSET=utf8 COLLATE=utf8_unicode_ci;

--
-- Data for table `craft_fieldgroups`
--

INSERT INTO `craft_fieldgroups` (`id`, `name`, `dateCreated`, `dateUpdated`, `uid`) VALUES
 ('1', 'Default', '2018-02-08 03:54:16', '2018-02-08 03:54:16', '39b8a788-844d-468b-99ab-d2eca0030e32'),
 ('2', 'Contact', '2018-02-10 21:53:27', '2018-02-10 21:53:27', 'be1e42ad-ca9c-4df2-888c-1a17b7b1d7d4'),
 ('3', 'Photographers', '2018-02-11 00:17:18', '2018-02-11 00:17:18', '8e7ad941-a1d2-4845-9e5f-aa21cf5572c0');



DROP TABLE IF EXISTS `craft_fieldlayoutfields`;


--
-- Schema for table `craft_fieldlayoutfields`
--
CREATE TABLE `craft_fieldlayoutfields` (
  `id` int(11) NOT NULL AUTO_INCREMENT,
  `layoutId` int(11) NOT NULL,
  `tabId` int(11) NOT NULL,
  `fieldId` int(11) NOT NULL,
  `required` tinyint(1) unsigned NOT NULL DEFAULT '0',
  `sortOrder` smallint(6) unsigned DEFAULT NULL,
  `dateCreated` datetime NOT NULL,
  `dateUpdated` datetime NOT NULL,
  `uid` char(36) COLLATE utf8_unicode_ci NOT NULL DEFAULT '0',
  PRIMARY KEY (`id`),
  UNIQUE KEY `craft_fieldlayoutfields_layoutId_fieldId_unq_idx` (`layoutId`,`fieldId`),
  KEY `craft_fieldlayoutfields_sortOrder_idx` (`sortOrder`),
  KEY `craft_fieldlayoutfields_tabId_fk` (`tabId`),
  KEY `craft_fieldlayoutfields_fieldId_fk` (`fieldId`)
) ENGINE=InnoDB AUTO_INCREMENT=49 DEFAULT CHARSET=utf8 COLLATE=utf8_unicode_ci;

--
-- Data for table `craft_fieldlayoutfields`
--

INSERT INTO `craft_fieldlayoutfields` (`id`, `layoutId`, `tabId`, `fieldId`, `required`, `sortOrder`, `dateCreated`, `dateUpdated`, `uid`) VALUES
 ('2', '4', '2', '1', '0', '1', '2018-02-08 20:51:07', '2018-02-08 20:51:07', '32edd74c-88bf-4974-b2db-acef3d0296e9'),
 ('16', '13', '5', '3', '0', '1', '2018-02-10 23:01:38', '2018-02-10 23:01:38', '643a29d6-4744-4f06-9e32-4917ad4fbb28'),
 ('17', '13', '5', '4', '0', '2', '2018-02-10 23:01:38', '2018-02-10 23:01:38', '4e9326ad-6bfa-4c9d-ade7-7bf98201b117'),
 ('18', '13', '5', '5', '0', '3', '2018-02-10 23:01:38', '2018-02-10 23:01:38', '3e94eb89-224a-49d1-8aea-725dee13fe17'),
 ('19', '13', '5', '9', '0', '4', '2018-02-10 23:01:38', '2018-02-10 23:01:38', '7b7efaad-ed0b-4c4d-a4c1-ed951df3128d'),
 ('20', '13', '5', '6', '0', '5', '2018-02-10 23:01:38', '2018-02-10 23:01:38', 'fcf9ade5-24b9-4dda-a33e-a5d3f7d31289'),
 ('21', '13', '5', '10', '0', '6', '2018-02-10 23:01:38', '2018-02-10 23:01:38', 'b478381c-2b7e-4ace-8bb8-ab8c6a7b7343'),
 ('22', '13', '5', '7', '0', '7', '2018-02-10 23:01:38', '2018-02-10 23:01:38', 'b6b31831-0a2b-4ec0-a92e-b6ecadabad6c'),
 ('23', '13', '5', '11', '0', '8', '2018-02-10 23:01:38', '2018-02-10 23:01:38', '28b1ca1c-5306-41b7-b718-6969649a6a75'),
 ('24', '13', '5', '8', '0', '9', '2018-02-10 23:01:38', '2018-02-10 23:01:38', '96926c4f-296f-4f00-a592-b37a11e70353'),
 ('25', '14', '6', '1', '0', '1', '2018-02-10 23:10:24', '2018-02-10 23:10:24', '8bbba69e-bfa1-4b16-919e-a9b4427126c8'),
 ('30', '17', '9', '13', '0', '1', '2018-02-11 00:24:19', '2018-02-11 00:24:19', '1ba1d6be-c727-42c2-8987-a108847a3d0b'),
 ('31', '17', '9', '12', '0', '2', '2018-02-11 00:24:19', '2018-02-11 00:24:19', '830c880e-363b-46b7-ad24-5606b05d0b9e'),
 ('45', '24', '14', '14', '0', '1', '2018-02-11 00:41:31', '2018-02-11 00:41:31', '460daac5-5cbb-4c85-a969-8ce35c2d6373'),
 ('46', '24', '14', '15', '0', '2', '2018-02-11 00:41:31', '2018-02-11 00:41:31', '3e9feebb-4d07-4a72-a59f-7fc4c2a73ebf'),
 ('47', '24', '14', '16', '1', '3', '2018-02-11 00:41:31', '2018-02-11 00:41:31', '113cde18-f0b3-4023-81f4-d9fcea5f4738'),
 ('48', '24', '14', '17', '0', '4', '2018-02-11 00:41:31', '2018-02-11 00:41:31', '4670f959-9269-4e00-a6a3-c3d2c4334d02');



DROP TABLE IF EXISTS `craft_fieldlayouts`;


--
-- Schema for table `craft_fieldlayouts`
--
CREATE TABLE `craft_fieldlayouts` (
  `id` int(11) NOT NULL AUTO_INCREMENT,
  `type` varchar(150) COLLATE utf8_unicode_ci NOT NULL,
  `dateCreated` datetime NOT NULL,
  `dateUpdated` datetime NOT NULL,
  `uid` char(36) COLLATE utf8_unicode_ci NOT NULL DEFAULT '0',
  PRIMARY KEY (`id`),
  KEY `craft_fieldlayouts_type_idx` (`type`)
) ENGINE=InnoDB AUTO_INCREMENT=25 DEFAULT CHARSET=utf8 COLLATE=utf8_unicode_ci;

--
-- Data for table `craft_fieldlayouts`
--

INSERT INTO `craft_fieldlayouts` (`id`, `type`, `dateCreated`, `dateUpdated`, `uid`) VALUES
 ('1', 'Tag', '2018-02-08 03:54:16', '2018-02-08 03:54:16', '4aafb2e3-dde9-4059-9a75-ff21b0655297'),
 ('4', 'Entry', '2018-02-08 20:51:07', '2018-02-08 20:51:07', '573c6c8f-2bb1-45f7-9771-8c4eceaa8d21'),
 ('7', 'Entry', '2018-02-08 21:03:22', '2018-02-08 21:03:22', '29e3bf30-d67d-44a4-a13f-aeec3de2ef86'),
 ('8', 'Entry', '2018-02-08 21:03:38', '2018-02-08 21:03:38', 'da6c7282-547a-4e77-af85-0b03f33926ba'),
 ('10', 'Category', '2018-02-10 21:58:17', '2018-02-10 21:58:17', 'c2a673d3-8e7b-449d-812a-cc59421b6d79'),
 ('13', 'Entry', '2018-02-10 23:01:38', '2018-02-10 23:01:38', 'f8b61573-4d49-4201-94f7-c190d93ba535'),
 ('14', 'Entry', '2018-02-10 23:10:24', '2018-02-10 23:10:24', 'e815990d-7718-40cf-8d4e-806fcd8f591a'),
 ('17', 'Entry', '2018-02-11 00:24:19', '2018-02-11 00:24:19', '79fd0ffa-ec54-4ad9-a367-664a183a59b8'),
 ('22', 'Asset', '2018-02-11 00:34:03', '2018-02-11 00:34:03', 'af14d74b-bf73-4f9d-b760-ca54a43445f1'),
 ('24', 'MatrixBlock', '2018-02-11 00:41:31', '2018-02-11 00:41:31', '95d80708-bd6b-4ae4-88eb-a99775a6c62b');



DROP TABLE IF EXISTS `craft_fieldlayouttabs`;


--
-- Schema for table `craft_fieldlayouttabs`
--
CREATE TABLE `craft_fieldlayouttabs` (
  `id` int(11) NOT NULL AUTO_INCREMENT,
  `layoutId` int(11) NOT NULL,
  `name` varchar(255) COLLATE utf8_unicode_ci NOT NULL,
  `sortOrder` smallint(6) unsigned DEFAULT NULL,
  `dateCreated` datetime NOT NULL,
  `dateUpdated` datetime NOT NULL,
  `uid` char(36) COLLATE utf8_unicode_ci NOT NULL DEFAULT '0',
  PRIMARY KEY (`id`),
  KEY `craft_fieldlayouttabs_sortOrder_idx` (`sortOrder`),
  KEY `craft_fieldlayouttabs_layoutId_fk` (`layoutId`)
) ENGINE=InnoDB AUTO_INCREMENT=15 DEFAULT CHARSET=utf8 COLLATE=utf8_unicode_ci;

--
-- Data for table `craft_fieldlayouttabs`
--

INSERT INTO `craft_fieldlayouttabs` (`id`, `layoutId`, `name`, `sortOrder`, `dateCreated`, `dateUpdated`, `uid`) VALUES
 ('2', '4', 'Content', '1', '2018-02-08 20:51:07', '2018-02-08 20:51:07', '6708e1bd-dd19-477c-bad4-7c03cfa13b48'),
 ('5', '13', 'Content', '1', '2018-02-10 23:01:38', '2018-02-10 23:01:38', '9fec642e-20f6-4220-9aef-cd6f68713310'),
 ('6', '14', 'Content', '1', '2018-02-10 23:10:24', '2018-02-10 23:10:24', '936bd17a-2bb4-4cc3-a8b9-e95292f396ff'),
 ('9', '17', 'Content', '1', '2018-02-11 00:24:19', '2018-02-11 00:24:19', '4a7e4d3d-eccb-466e-a45e-52e69ea95d9f'),
 ('14', '24', 'Content', '1', '2018-02-11 00:41:31', '2018-02-11 00:41:31', 'd8de528a-c595-4426-b967-162502532df9');



DROP TABLE IF EXISTS `craft_fields`;


--
-- Schema for table `craft_fields`
--
CREATE TABLE `craft_fields` (
  `id` int(11) NOT NULL AUTO_INCREMENT,
  `groupId` int(11) DEFAULT NULL,
  `name` varchar(255) COLLATE utf8_unicode_ci NOT NULL,
  `handle` varchar(58) COLLATE utf8_unicode_ci NOT NULL,
  `context` varchar(255) COLLATE utf8_unicode_ci NOT NULL DEFAULT 'global',
  `instructions` text COLLATE utf8_unicode_ci,
  `translatable` tinyint(1) unsigned NOT NULL DEFAULT '0',
  `type` varchar(150) COLLATE utf8_unicode_ci NOT NULL,
  `settings` text COLLATE utf8_unicode_ci,
  `dateCreated` datetime NOT NULL,
  `dateUpdated` datetime NOT NULL,
  `uid` char(36) COLLATE utf8_unicode_ci NOT NULL DEFAULT '0',
  PRIMARY KEY (`id`),
  UNIQUE KEY `craft_fields_handle_context_unq_idx` (`handle`,`context`),
  KEY `craft_fields_context_idx` (`context`),
  KEY `craft_fields_groupId_fk` (`groupId`)
) ENGINE=InnoDB AUTO_INCREMENT=18 DEFAULT CHARSET=utf8 COLLATE=utf8_unicode_ci;

--
-- Data for table `craft_fields`
--

INSERT INTO `craft_fields` (`id`, `groupId`, `name`, `handle`, `context`, `instructions`, `translatable`, `type`, `settings`, `dateCreated`, `dateUpdated`, `uid`) VALUES
 ('1', '1', 'Body', 'body', 'global', '', '0', 'RichText', '{\"configFile\":\"Simple.json\",\"availableAssetSources\":\"*\",\"availableTransforms\":\"*\",\"cleanupHtml\":\"1\",\"purifyHtml\":\"1\",\"purifierConfig\":\"\",\"columnType\":\"text\"}', '2018-02-08 03:54:16', '2018-02-10 23:10:07', '66fdc878-c3ad-4caf-9039-9bf1bb5da387'),
 ('3', '2', 'Email', 'email', 'global', '', '0', 'PlainText', '{\"placeholder\":\"\",\"maxLength\":\"32\",\"multiline\":\"\",\"initialRows\":\"4\"}', '2018-02-10 21:53:05', '2018-02-10 21:53:35', '498e7d9c-0aa0-44fa-b1ab-0c4ccf80fbcf'),
 ('4', '2', 'Phone', 'phone', 'global', '', '0', 'PlainText', '{\"placeholder\":\"\",\"maxLength\":\"16\",\"multiline\":\"\",\"initialRows\":\"4\"}', '2018-02-10 21:53:22', '2018-02-10 21:53:44', 'cc866617-2e7d-4763-a4b9-ef03f9486638'),
 ('5', '2', 'Address', 'address', 'global', '', '0', 'PlainText', '{\"placeholder\":\"\",\"maxLength\":\"\",\"multiline\":\"1\",\"initialRows\":\"4\"}', '2018-02-10 21:54:09', '2018-02-10 21:54:09', '869f04fe-dc20-4160-a0f9-2033e75bfcc5'),
 ('6', '2', 'Social Media', 'socialMediaOne', 'global', 'Use the full URL, e.g. https://facebook.com', '0', 'PlainText', '{\"placeholder\":\"\",\"maxLength\":\"22\",\"multiline\":\"\",\"initialRows\":\"4\"}', '2018-02-10 21:55:09', '2018-02-10 22:43:05', 'ffd3177d-9c20-4f02-917c-30ed05236deb'),
 ('7', '2', 'Social Media', 'socialMediaTwo', 'global', 'Use the full URL, e.g. https://facebook.com', '0', 'PlainText', '{\"placeholder\":\"\",\"maxLength\":\"22\",\"multiline\":\"\",\"initialRows\":\"4\"}', '2018-02-10 21:55:32', '2018-02-10 21:57:21', '8e2b667f-ea25-40c8-ab13-4359e77909ad'),
 ('8', '2', 'Social Media', 'socialMediaThree', 'global', 'Use the full URL, e.g. https://facebook.com', '0', 'PlainText', '{\"placeholder\":\"\",\"maxLength\":\"22\",\"multiline\":\"\",\"initialRows\":\"4\"}', '2018-02-10 21:55:45', '2018-02-10 21:57:14', 'f50e8d74-8228-4135-8b0c-be6370e1af24'),
 ('9', '2', 'Social Media Title', 'socialMediaOneTitle', 'global', '', '0', 'PlainText', '{\"placeholder\":\"\",\"maxLength\":\"12\",\"multiline\":\"\",\"initialRows\":\"4\"}', '2018-02-10 22:36:32', '2018-02-10 22:42:43', '9620a8bd-f7dd-4b23-bfd1-fa3f2245d84d'),
 ('10', '2', 'Social Media Title', 'socialmediaTwoTitle', 'global', '', '0', 'PlainText', '{\"placeholder\":\"\",\"maxLength\":\"12\",\"multiline\":\"\",\"initialRows\":\"4\"}', '2018-02-10 23:00:29', '2018-02-10 23:01:58', '1b71f162-6ef3-4f6d-aaa7-44742dd58e6e'),
 ('11', '2', 'Social Media Title', 'socialMediaThreeTitle', 'global', '', '0', 'PlainText', '{\"placeholder\":\"\",\"maxLength\":\"12\",\"multiline\":\"\",\"initialRows\":\"4\"}', '2018-02-10 23:01:10', '2018-02-10 23:01:10', '9d2cd7ea-c8c8-4001-9872-e782694b77a2'),
 ('12', '3', 'Bio', 'bio', 'global', '', '0', 'RichText', '{\"configFile\":\"Simple.json\",\"availableAssetSources\":\"*\",\"availableTransforms\":\"*\",\"cleanupHtml\":\"1\",\"purifyHtml\":\"1\",\"purifierConfig\":\"\",\"columnType\":\"text\"}', '2018-02-11 00:17:38', '2018-02-11 00:17:38', '1108c315-d23a-4917-be37-4f841c36eb71'),
 ('13', '3', 'Photographs', 'photographs', 'global', '', '0', 'Matrix', '{\"maxBlocks\":\"24\"}', '2018-02-11 00:23:46', '2018-02-11 00:41:31', '773b556c-659e-47d4-a7a4-3aaf51fa17df'),
 ('14', NULL, 'Photograph', 'photograph', 'matrixBlockType:1', '', '0', 'Assets', '{\"useSingleFolder\":\"1\",\"sources\":\"*\",\"defaultUploadLocationSource\":\"1\",\"defaultUploadLocationSubpath\":\"\",\"singleUploadLocationSource\":\"1\",\"singleUploadLocationSubpath\":\"\",\"restrictFiles\":\"1\",\"allowedKinds\":[\"image\"],\"limit\":\"1\",\"viewMode\":\"list\",\"selectionLabel\":\"\"}', '2018-02-11 00:23:47', '2018-02-11 00:41:31', '0e27dedd-98fd-4cb5-ac25-d7173ee9ebe7'),
 ('15', NULL, 'Or Video', 'video', 'matrixBlockType:1', '', '0', 'Assets', '{\"useSingleFolder\":\"1\",\"sources\":\"*\",\"defaultUploadLocationSource\":\"1\",\"defaultUploadLocationSubpath\":\"\",\"singleUploadLocationSource\":\"1\",\"singleUploadLocationSubpath\":\"\",\"restrictFiles\":\"1\",\"allowedKinds\":[\"video\"],\"limit\":\"1\",\"viewMode\":\"list\",\"selectionLabel\":\"\"}', '2018-02-11 00:23:47', '2018-02-11 00:41:31', 'f6853f1a-80f6-4fab-8942-c87ccacf7f55'),
 ('16', NULL, 'Category', 'category', 'matrixBlockType:1', '', '0', 'Categories', '{\"source\":\"group:1\",\"limit\":\"1\",\"selectionLabel\":\"\"}', '2018-02-11 00:23:47', '2018-02-11 00:41:31', 'b0144295-6f51-460e-b1c3-bdc177fc9321'),
 ('17', NULL, 'Featured', 'featured', 'matrixBlockType:1', 'If switched on the image will display on the home page (will not work for video).', '0', 'Lightswitch', '{\"default\":\"\"}', '2018-02-11 00:41:15', '2018-02-11 00:41:31', 'acb2b9b6-4207-4b89-8d0f-5474f82ef1db');



DROP TABLE IF EXISTS `craft_globalsets`;


--
-- Schema for table `craft_globalsets`
--
CREATE TABLE `craft_globalsets` (
  `id` int(11) NOT NULL,
  `name` varchar(255) COLLATE utf8_unicode_ci NOT NULL,
  `handle` varchar(255) COLLATE utf8_unicode_ci NOT NULL,
  `fieldLayoutId` int(10) DEFAULT NULL,
  `dateCreated` datetime NOT NULL,
  `dateUpdated` datetime NOT NULL,
  `uid` char(36) COLLATE utf8_unicode_ci NOT NULL DEFAULT '0',
  PRIMARY KEY (`id`),
  UNIQUE KEY `craft_globalsets_name_unq_idx` (`name`),
  UNIQUE KEY `craft_globalsets_handle_unq_idx` (`handle`),
  KEY `craft_globalsets_fieldLayoutId_fk` (`fieldLayoutId`)
) ENGINE=InnoDB DEFAULT CHARSET=utf8 COLLATE=utf8_unicode_ci;

DROP TABLE IF EXISTS `craft_info`;


--
-- Schema for table `craft_info`
--
CREATE TABLE `craft_info` (
  `id` int(11) NOT NULL AUTO_INCREMENT,
  `version` varchar(50) COLLATE utf8_unicode_ci NOT NULL,
  `schemaVersion` varchar(15) COLLATE utf8_unicode_ci NOT NULL,
  `edition` tinyint(1) unsigned NOT NULL DEFAULT '0',
  `siteName` varchar(100) COLLATE utf8_unicode_ci NOT NULL,
  `siteUrl` varchar(255) COLLATE utf8_unicode_ci NOT NULL,
  `timezone` varchar(30) COLLATE utf8_unicode_ci DEFAULT NULL,
  `on` tinyint(1) unsigned NOT NULL DEFAULT '0',
  `maintenance` tinyint(1) unsigned NOT NULL DEFAULT '0',
  `dateCreated` datetime NOT NULL,
  `dateUpdated` datetime NOT NULL,
  `uid` char(36) COLLATE utf8_unicode_ci NOT NULL DEFAULT '0',
  PRIMARY KEY (`id`)
) ENGINE=InnoDB AUTO_INCREMENT=2 DEFAULT CHARSET=utf8 COLLATE=utf8_unicode_ci;

--
-- Data for table `craft_info`
--

INSERT INTO `craft_info` (`id`, `version`, `schemaVersion`, `edition`, `siteName`, `siteUrl`, `timezone`, `on`, `maintenance`, `dateCreated`, `dateUpdated`, `uid`) VALUES
 ('1', '2.6.3008', '2.6.13', '0', 'Rolling Stills', 'http://rollingstills.graphicactivity.co.nz', 'Pacific/Auckland', '1', '0', '2018-02-08 03:54:13', '2018-02-08 03:56:13', 'a92839a4-19cb-4524-a09a-fbf139085754');



DROP TABLE IF EXISTS `craft_locales`;


--
-- Schema for table `craft_locales`
--
CREATE TABLE `craft_locales` (
  `locale` char(12) COLLATE utf8_unicode_ci NOT NULL,
  `sortOrder` smallint(6) unsigned DEFAULT NULL,
  `dateCreated` datetime NOT NULL,
  `dateUpdated` datetime NOT NULL,
  `uid` char(36) COLLATE utf8_unicode_ci NOT NULL DEFAULT '0',
  PRIMARY KEY (`locale`),
  KEY `craft_locales_sortOrder_idx` (`sortOrder`)
) ENGINE=InnoDB DEFAULT CHARSET=utf8 COLLATE=utf8_unicode_ci;

--
-- Data for table `craft_locales`
--

INSERT INTO `craft_locales` (`locale`, `sortOrder`, `dateCreated`, `dateUpdated`, `uid`) VALUES
 ('en_nz', '1', '2018-02-08 03:54:14', '2018-02-08 03:54:14', 'b6210c03-b5c3-4821-8292-3a0d6d7e5aa5');



DROP TABLE IF EXISTS `craft_matrixblocks`;


--
-- Schema for table `craft_matrixblocks`
--
CREATE TABLE `craft_matrixblocks` (
  `id` int(11) NOT NULL,
  `ownerId` int(11) NOT NULL,
  `fieldId` int(11) NOT NULL,
  `typeId` int(11) DEFAULT NULL,
  `sortOrder` smallint(6) unsigned DEFAULT NULL,
  `ownerLocale` char(12) COLLATE utf8_unicode_ci DEFAULT NULL,
  `dateCreated` datetime NOT NULL,
  `dateUpdated` datetime NOT NULL,
  `uid` char(36) COLLATE utf8_unicode_ci NOT NULL DEFAULT '0',
  PRIMARY KEY (`id`),
  KEY `craft_matrixblocks_ownerId_idx` (`ownerId`),
  KEY `craft_matrixblocks_fieldId_idx` (`fieldId`),
  KEY `craft_matrixblocks_typeId_idx` (`typeId`),
  KEY `craft_matrixblocks_sortOrder_idx` (`sortOrder`),
  KEY `craft_matrixblocks_ownerLocale_fk` (`ownerLocale`)
) ENGINE=InnoDB DEFAULT CHARSET=utf8 COLLATE=utf8_unicode_ci;

--
-- Data for table `craft_matrixblocks`
--

INSERT INTO `craft_matrixblocks` (`id`, `ownerId`, `fieldId`, `typeId`, `sortOrder`, `ownerLocale`, `dateCreated`, `dateUpdated`, `uid`) VALUES
 ('11', '9', '13', '1', '1', NULL, '2018-02-11 00:34:47', '2018-02-11 00:43:38', 'b6a14880-a9f0-457b-8b3a-62a4bf94e6ff'),
 ('12', '9', '13', '1', '2', NULL, '2018-02-11 00:34:47', '2018-02-11 00:43:38', 'c6787c89-1126-4be6-8cf9-310594e2a9e3');



DROP TABLE IF EXISTS `craft_matrixblocktypes`;


--
-- Schema for table `craft_matrixblocktypes`
--
CREATE TABLE `craft_matrixblocktypes` (
  `id` int(11) NOT NULL AUTO_INCREMENT,
  `fieldId` int(11) NOT NULL,
  `fieldLayoutId` int(11) DEFAULT NULL,
  `name` varchar(255) COLLATE utf8_unicode_ci NOT NULL,
  `handle` varchar(255) COLLATE utf8_unicode_ci NOT NULL,
  `sortOrder` smallint(6) unsigned DEFAULT NULL,
  `dateCreated` datetime NOT NULL,
  `dateUpdated` datetime NOT NULL,
  `uid` char(36) COLLATE utf8_unicode_ci NOT NULL DEFAULT '0',
  PRIMARY KEY (`id`),
  UNIQUE KEY `craft_matrixblocktypes_name_fieldId_unq_idx` (`name`,`fieldId`),
  UNIQUE KEY `craft_matrixblocktypes_handle_fieldId_unq_idx` (`handle`,`fieldId`),
  KEY `craft_matrixblocktypes_fieldId_fk` (`fieldId`),
  KEY `craft_matrixblocktypes_fieldLayoutId_fk` (`fieldLayoutId`)
) ENGINE=InnoDB AUTO_INCREMENT=2 DEFAULT CHARSET=utf8 COLLATE=utf8_unicode_ci;

--
-- Data for table `craft_matrixblocktypes`
--

INSERT INTO `craft_matrixblocktypes` (`id`, `fieldId`, `fieldLayoutId`, `name`, `handle`, `sortOrder`, `dateCreated`, `dateUpdated`, `uid`) VALUES
 ('1', '13', '24', 'Content', 'photographContent', '1', '2018-02-11 00:23:47', '2018-02-11 00:41:31', 'c4643d07-d612-4ada-af6f-b73eb928078c');



DROP TABLE IF EXISTS `craft_matrixcontent_photographs`;


--
-- Schema for table `craft_matrixcontent_photographs`
--
CREATE TABLE `craft_matrixcontent_photographs` (
  `id` int(11) NOT NULL AUTO_INCREMENT,
  `elementId` int(11) NOT NULL,
  `locale` char(12) COLLATE utf8_unicode_ci NOT NULL,
  `field_photographContent_featured` tinyint(1) unsigned NOT NULL DEFAULT '0',
  `dateCreated` datetime NOT NULL,
  `dateUpdated` datetime NOT NULL,
  `uid` char(36) COLLATE utf8_unicode_ci NOT NULL DEFAULT '0',
  PRIMARY KEY (`id`),
  UNIQUE KEY `craft_matrixcontent_photographs_elementId_locale_unq_idx` (`elementId`,`locale`),
  KEY `craft_matrixcontent_photographs_locale_fk` (`locale`)
) ENGINE=InnoDB AUTO_INCREMENT=3 DEFAULT CHARSET=utf8 COLLATE=utf8_unicode_ci;

--
-- Data for table `craft_matrixcontent_photographs`
--

INSERT INTO `craft_matrixcontent_photographs` (`id`, `elementId`, `locale`, `field_photographContent_featured`, `dateCreated`, `dateUpdated`, `uid`) VALUES
 ('1', '11', 'en_nz', '1', '2018-02-11 00:34:47', '2018-02-11 00:43:38', '3ecd4bf2-3c27-4954-8806-d0284d66a77d'),
 ('2', '12', 'en_nz', '0', '2018-02-11 00:34:47', '2018-02-11 00:43:38', 'a25f3424-9c85-4f77-a19c-67f1aee251bc');



DROP TABLE IF EXISTS `craft_migrations`;


--
-- Schema for table `craft_migrations`
--
CREATE TABLE `craft_migrations` (
  `id` int(11) NOT NULL AUTO_INCREMENT,
  `pluginId` int(11) DEFAULT NULL,
  `version` varchar(255) COLLATE utf8_unicode_ci NOT NULL,
  `applyTime` datetime NOT NULL,
  `dateCreated` datetime NOT NULL,
  `dateUpdated` datetime NOT NULL,
  `uid` char(36) COLLATE utf8_unicode_ci NOT NULL DEFAULT '0',
  PRIMARY KEY (`id`),
  UNIQUE KEY `craft_migrations_version_unq_idx` (`version`),
  KEY `craft_migrations_pluginId_fk` (`pluginId`)
) ENGINE=InnoDB AUTO_INCREMENT=68 DEFAULT CHARSET=utf8 COLLATE=utf8_unicode_ci;

--
-- Data for table `craft_migrations`
--

INSERT INTO `craft_migrations` (`id`, `pluginId`, `version`, `applyTime`, `dateCreated`, `dateUpdated`, `uid`) VALUES
 ('1', NULL, 'm000000_000000_base', '2018-02-08 03:54:13', '2018-02-08 03:54:13', '2018-02-08 03:54:13', '7c32d0b5-a712-424d-abe1-4725f85209fe'),
 ('2', NULL, 'm140730_000001_add_filename_and_format_to_transformindex', '2018-02-08 03:54:13', '2018-02-08 03:54:13', '2018-02-08 03:54:13', '50efee28-0459-4b8c-8ca0-1a67f04a5ee8'),
 ('3', NULL, 'm140815_000001_add_format_to_transforms', '2018-02-08 03:54:13', '2018-02-08 03:54:13', '2018-02-08 03:54:13', '79caf67d-21e6-4644-af2b-1fdcc4f36253'),
 ('4', NULL, 'm140822_000001_allow_more_than_128_items_per_field', '2018-02-08 03:54:13', '2018-02-08 03:54:13', '2018-02-08 03:54:13', 'a9af931e-5cbb-4dd2-82d0-2b69f33cd8ce'),
 ('5', NULL, 'm140829_000001_single_title_formats', '2018-02-08 03:54:13', '2018-02-08 03:54:13', '2018-02-08 03:54:13', '8f95037b-43f8-4a1b-b15e-5f0b54d0abec'),
 ('6', NULL, 'm140831_000001_extended_cache_keys', '2018-02-08 03:54:13', '2018-02-08 03:54:13', '2018-02-08 03:54:13', 'ef596350-394c-481f-998a-417429421cea'),
 ('7', NULL, 'm140922_000001_delete_orphaned_matrix_blocks', '2018-02-08 03:54:13', '2018-02-08 03:54:13', '2018-02-08 03:54:13', '2ffffaa8-ab4f-4ba5-8359-ca6928b7744d'),
 ('8', NULL, 'm141008_000001_elements_index_tune', '2018-02-08 03:54:13', '2018-02-08 03:54:13', '2018-02-08 03:54:13', '5b7fe94d-b9cc-4ade-9248-daa2bae9cc48'),
 ('9', NULL, 'm141009_000001_assets_source_handle', '2018-02-08 03:54:13', '2018-02-08 03:54:13', '2018-02-08 03:54:13', '2ba636ee-4d71-479e-a734-db71bd2a517a'),
 ('10', NULL, 'm141024_000001_field_layout_tabs', '2018-02-08 03:54:13', '2018-02-08 03:54:13', '2018-02-08 03:54:13', 'e644adb0-859f-4971-94c3-b66addb5d31c'),
 ('11', NULL, 'm141030_000000_plugin_schema_versions', '2018-02-08 03:54:13', '2018-02-08 03:54:13', '2018-02-08 03:54:13', 'd06bc3e9-bf9a-463d-a700-24af7a88e54e'),
 ('12', NULL, 'm141030_000001_drop_structure_move_permission', '2018-02-08 03:54:13', '2018-02-08 03:54:13', '2018-02-08 03:54:13', 'bf26e310-7c6f-491d-8bc0-1d535fdf19f6'),
 ('13', NULL, 'm141103_000001_tag_titles', '2018-02-08 03:54:13', '2018-02-08 03:54:13', '2018-02-08 03:54:13', 'af230dea-be83-4f4b-b174-82b81e993a18'),
 ('14', NULL, 'm141109_000001_user_status_shuffle', '2018-02-08 03:54:13', '2018-02-08 03:54:13', '2018-02-08 03:54:13', 'a3d7f782-f3e0-4b4e-b2cc-97c1148b5d4b'),
 ('15', NULL, 'm141126_000001_user_week_start_day', '2018-02-08 03:54:13', '2018-02-08 03:54:13', '2018-02-08 03:54:13', '15234c23-d72b-44f0-ac47-43fb1e132627'),
 ('16', NULL, 'm150210_000001_adjust_user_photo_size', '2018-02-08 03:54:13', '2018-02-08 03:54:13', '2018-02-08 03:54:13', 'e874dfea-c55c-4344-89f2-f9242b96b1c0'),
 ('17', NULL, 'm150724_000001_adjust_quality_settings', '2018-02-08 03:54:13', '2018-02-08 03:54:13', '2018-02-08 03:54:13', '2e7f8140-3c87-40d7-8dca-bbe1781af1eb'),
 ('18', NULL, 'm150827_000000_element_index_settings', '2018-02-08 03:54:13', '2018-02-08 03:54:13', '2018-02-08 03:54:13', '17fc1f08-af45-4251-ae86-21f529877426'),
 ('19', NULL, 'm150918_000001_add_colspan_to_widgets', '2018-02-08 03:54:13', '2018-02-08 03:54:13', '2018-02-08 03:54:13', 'cd290e77-9256-4e07-8072-06b078bad093'),
 ('20', NULL, 'm151007_000000_clear_asset_caches', '2018-02-08 03:54:13', '2018-02-08 03:54:13', '2018-02-08 03:54:13', '9660a3c1-2912-43cd-bb98-339ff15861a2'),
 ('21', NULL, 'm151109_000000_text_url_formats', '2018-02-08 03:54:13', '2018-02-08 03:54:13', '2018-02-08 03:54:13', '0ef97f7b-9e86-400d-b14b-fbc4dfd0dfc5'),
 ('22', NULL, 'm151110_000000_move_logo', '2018-02-08 03:54:13', '2018-02-08 03:54:13', '2018-02-08 03:54:13', 'ee5b64dc-4bd8-4352-a97f-997798c789b2'),
 ('23', NULL, 'm151117_000000_adjust_image_widthheight', '2018-02-08 03:54:13', '2018-02-08 03:54:13', '2018-02-08 03:54:13', '4078f0de-c29d-44ce-99e5-21f2d4a646a4'),
 ('24', NULL, 'm151127_000000_clear_license_key_status', '2018-02-08 03:54:13', '2018-02-08 03:54:13', '2018-02-08 03:54:13', '463134d7-0d72-483a-b6fc-4c3e311c10b3'),
 ('25', NULL, 'm151127_000000_plugin_license_keys', '2018-02-08 03:54:13', '2018-02-08 03:54:13', '2018-02-08 03:54:13', 'd452f905-42f4-4192-aa35-a23363a4d178'),
 ('26', NULL, 'm151130_000000_update_pt_widget_feeds', '2018-02-08 03:54:13', '2018-02-08 03:54:13', '2018-02-08 03:54:13', '6154ba80-5f4a-4010-aa98-b1493fc7c490'),
 ('27', NULL, 'm160114_000000_asset_sources_public_url_default_true', '2018-02-08 03:54:13', '2018-02-08 03:54:13', '2018-02-08 03:54:13', '494cebeb-39b7-45dd-85ab-66c4d6dfe6f1'),
 ('28', NULL, 'm160223_000000_sortorder_to_smallint', '2018-02-08 03:54:13', '2018-02-08 03:54:13', '2018-02-08 03:54:13', 'b89bf8d1-7455-461c-bb49-35f0cb774d55'),
 ('29', NULL, 'm160229_000000_set_default_entry_statuses', '2018-02-08 03:54:13', '2018-02-08 03:54:13', '2018-02-08 03:54:13', '2a5134c6-09ef-4759-a696-ab1a522cdd7e'),
 ('30', NULL, 'm160304_000000_client_permissions', '2018-02-08 03:54:13', '2018-02-08 03:54:13', '2018-02-08 03:54:13', '2aef9f01-f950-41dd-8c20-ccc7fb50695f'),
 ('31', NULL, 'm160322_000000_asset_filesize', '2018-02-08 03:54:13', '2018-02-08 03:54:13', '2018-02-08 03:54:13', 'df522630-bbda-4a9e-b0dc-d37fe4f27e4a'),
 ('32', NULL, 'm160503_000000_orphaned_fieldlayouts', '2018-02-08 03:54:13', '2018-02-08 03:54:13', '2018-02-08 03:54:13', '4ae97f74-dd9c-4829-bfa5-4223e7c26824'),
 ('33', NULL, 'm160510_000000_tasksettings', '2018-02-08 03:54:13', '2018-02-08 03:54:13', '2018-02-08 03:54:13', '902636dc-3f8c-4885-9676-73f9c813486b'),
 ('34', NULL, 'm160829_000000_pending_user_content_cleanup', '2018-02-08 03:54:13', '2018-02-08 03:54:13', '2018-02-08 03:54:13', 'c1125802-50b0-4702-8667-ca84b1a494ce'),
 ('35', NULL, 'm160830_000000_asset_index_uri_increase', '2018-02-08 03:54:13', '2018-02-08 03:54:13', '2018-02-08 03:54:13', '800ebc00-360d-43cd-bb1b-d914b5475937'),
 ('36', NULL, 'm160919_000000_usergroup_handle_title_unique', '2018-02-08 03:54:13', '2018-02-08 03:54:13', '2018-02-08 03:54:13', '842f0a57-2e69-4ee4-9603-cebd62c63542'),
 ('37', NULL, 'm161108_000000_new_version_format', '2018-02-08 03:54:13', '2018-02-08 03:54:13', '2018-02-08 03:54:13', '72626452-c1ad-4a16-bf21-03ab6ec97925'),
 ('38', NULL, 'm161109_000000_index_shuffle', '2018-02-08 03:54:13', '2018-02-08 03:54:13', '2018-02-08 03:54:13', 'a95d4fad-83b3-4db4-956f-deb6f3e350fc'),
 ('39', NULL, 'm170612_000000_route_index_shuffle', '2018-02-08 03:54:13', '2018-02-08 03:54:13', '2018-02-08 03:54:13', '0ea611dd-046b-4ae5-a570-b516efb8c757'),
 ('40', NULL, 'm171107_000000_assign_group_permissions', '2018-02-08 03:54:13', '2018-02-08 03:54:13', '2018-02-08 03:54:13', '61f584df-c5d6-4324-a0d0-cb9c9c89951d'),
 ('41', NULL, 'm171117_000001_templatecache_index_tune', '2018-02-08 03:54:13', '2018-02-08 03:54:13', '2018-02-08 03:54:13', '727cc713-9bb7-44c3-bdf1-16813f0602b5'),
 ('42', NULL, 'm171204_000001_templatecache_index_tune_deux', '2018-02-08 03:54:13', '2018-02-08 03:54:13', '2018-02-08 03:54:13', 'd06856d7-450a-4f9d-abbd-07abce92c420'),
 ('43', '1', 'm151225_000000_seomatic_addHumansField', '2018-02-08 20:49:53', '2018-02-08 20:49:53', '2018-02-08 20:49:53', '0dffb859-f84e-41d9-9e49-9e0c5c637893'),
 ('44', '1', 'm151226_000000_seomatic_addTwitterFacebookFields', '2018-02-08 20:49:53', '2018-02-08 20:49:53', '2018-02-08 20:49:53', '7374ab7e-fc9e-4627-a4cd-eda9064bc7b8'),
 ('45', '1', 'm160101_000000_seomatic_addRobotsFields', '2018-02-08 20:49:53', '2018-02-08 20:49:53', '2018-02-08 20:49:53', '95bab292-8133-4da1-9d68-36cefdad3093'),
 ('46', '1', 'm160111_000000_seomatic_addTitleFields', '2018-02-08 20:49:53', '2018-02-08 20:49:53', '2018-02-08 20:49:53', '42bd0a81-0478-429c-a1c4-ffbc3e3de40d'),
 ('47', '1', 'm160122_000000_seomatic_addTypeFields', '2018-02-08 20:49:53', '2018-02-08 20:49:53', '2018-02-08 20:49:53', '1d13dc5b-6223-4655-ae0d-0fdd6aed1870'),
 ('48', '1', 'm160123_000000_seomatic_addOpeningHours', '2018-02-08 20:49:53', '2018-02-08 20:49:53', '2018-02-08 20:49:53', 'ab420d45-6cee-405b-a513-2493b2afd797'),
 ('49', '1', 'm160202_000000_seomatic_addSocialHandles', '2018-02-08 20:49:53', '2018-02-08 20:49:53', '2018-02-08 20:49:53', '39140d73-6c53-4681-a03a-12cfde6b1d64'),
 ('50', '1', 'm160204_000000_seomatic_addGoogleAnalytics', '2018-02-08 20:49:53', '2018-02-08 20:49:53', '2018-02-08 20:49:53', '7f4ad1bd-55fb-4543-a5ae-959be7e5a91a'),
 ('51', '1', 'm160205_000000_seomatic_addResturantMenu', '2018-02-08 20:49:53', '2018-02-08 20:49:53', '2018-02-08 20:49:53', '9f5eba0b-172f-4682-a11a-671d123c3d8b'),
 ('52', '1', 'm160206_000000_seomatic_addGoogleAnalyticsPlugins', '2018-02-08 20:49:53', '2018-02-08 20:49:53', '2018-02-08 20:49:53', '56af8e57-9848-4052-bcdd-aea17928b7be'),
 ('53', '1', 'm160206_000000_seomatic_addGoogleAnalyticsSendPageView', '2018-02-08 20:49:53', '2018-02-08 20:49:53', '2018-02-08 20:49:53', '56922ec7-2aad-4ada-8997-83b5da1f1788'),
 ('54', '1', 'm160209_000000_seomatic_alterDescriptionsColumns', '2018-02-08 20:49:53', '2018-02-08 20:49:53', '2018-02-08 20:49:53', '9985e2a0-153f-45ce-b546-f426de195e13'),
 ('55', '1', 'm160209_000001_seomatic_addRobotsTxt', '2018-02-08 20:49:53', '2018-02-08 20:49:53', '2018-02-08 20:49:53', '7a510182-4276-4281-848d-9f7c868864a9'),
 ('56', '1', 'm160227_000000_seomatic_addFacebookAppId', '2018-02-08 20:49:53', '2018-02-08 20:49:53', '2018-02-08 20:49:53', '19c25e60-c3c9-43d8-8087-aa09b7822a51'),
 ('57', '1', 'm160416_000000_seomatic_addContactPoints', '2018-02-08 20:49:53', '2018-02-08 20:49:53', '2018-02-08 20:49:53', '384fc61a-d0bd-495b-95f3-5d70f70f31f2'),
 ('58', '1', 'm160509_000000_seomatic_addSiteLinksBing', '2018-02-08 20:49:53', '2018-02-08 20:49:53', '2018-02-08 20:49:53', '09011459-3aca-4a15-a733-8a5e998ed826'),
 ('59', '1', 'm160707_000000_seomatic_addGoogleTagManager', '2018-02-08 20:49:53', '2018-02-08 20:49:53', '2018-02-08 20:49:53', 'f63c57fa-4a55-4c3d-9962-21e4ad85f7ae'),
 ('60', '1', 'm160715_000000_seomatic_addSeoImageTransforms', '2018-02-08 20:49:53', '2018-02-08 20:49:53', '2018-02-08 20:49:53', 'ab5cc99b-7931-4250-bb9a-671f20909126'),
 ('61', '1', 'm160723_000000_seomatic_addSeoMainEntityOfPage', '2018-02-08 20:49:53', '2018-02-08 20:49:53', '2018-02-08 20:49:53', '75a58ab0-e90d-47b0-b577-20f32a8c2388'),
 ('62', '1', 'm160724_000000_seomatic_addSeoMainEntityCategory', '2018-02-08 20:49:53', '2018-02-08 20:49:53', '2018-02-08 20:49:53', '8e01d8a1-d89a-4ff7-a4ed-6c8135a5f81e'),
 ('63', '1', 'm160811_000000_seomatic_addVimeo', '2018-02-08 20:49:53', '2018-02-08 20:49:53', '2018-02-08 20:49:53', '8f2464f7-5cbc-4511-b976-7dc53e90afb9'),
 ('64', '1', 'm160904_000000_seomatic_addTwitterFacebookImages', '2018-02-08 20:49:53', '2018-02-08 20:49:53', '2018-02-08 20:49:53', 'f08332ab-fe89-466a-96ce-307db05c7421'),
 ('65', '1', 'm161220_000000_seomatic_addPriceRange', '2018-02-08 20:49:53', '2018-02-08 20:49:53', '2018-02-08 20:49:53', '7ef9bdaf-bec0-4a94-a4b1-ca431fccd2da'),
 ('66', '1', 'm170212_000000_seomatic_addGoogleAnalyticsAnonymizeIp', '2018-02-08 20:49:53', '2018-02-08 20:49:53', '2018-02-08 20:49:53', 'e9a14bba-e5e7-4522-ba7c-27d9b9338f6b'),
 ('67', '1', 'm170212_000000_seomatic_addWikipedia', '2018-02-08 20:49:53', '2018-02-08 20:49:53', '2018-02-08 20:49:53', '745fe1d9-b905-4577-8d9b-d2a129e27c05');



DROP TABLE IF EXISTS `craft_plugins`;


--
-- Schema for table `craft_plugins`
--
CREATE TABLE `craft_plugins` (
  `id` int(11) NOT NULL AUTO_INCREMENT,
  `class` varchar(150) COLLATE utf8_unicode_ci NOT NULL,
  `version` varchar(15) COLLATE utf8_unicode_ci NOT NULL,
  `schemaVersion` varchar(15) COLLATE utf8_unicode_ci DEFAULT NULL,
  `licenseKey` char(24) COLLATE utf8_unicode_ci DEFAULT NULL,
  `licenseKeyStatus` enum('valid','invalid','mismatched','unknown') COLLATE utf8_unicode_ci NOT NULL DEFAULT 'unknown',
  `enabled` tinyint(1) unsigned NOT NULL DEFAULT '0',
  `settings` text COLLATE utf8_unicode_ci,
  `installDate` datetime NOT NULL,
  `dateCreated` datetime NOT NULL,
  `dateUpdated` datetime NOT NULL,
  `uid` char(36) COLLATE utf8_unicode_ci NOT NULL DEFAULT '0',
  PRIMARY KEY (`id`)
) ENGINE=InnoDB AUTO_INCREMENT=2 DEFAULT CHARSET=utf8 COLLATE=utf8_unicode_ci;

--
-- Data for table `craft_plugins`
--

INSERT INTO `craft_plugins` (`id`, `class`, `version`, `schemaVersion`, `licenseKey`, `licenseKeyStatus`, `enabled`, `settings`, `installDate`, `dateCreated`, `dateUpdated`, `uid`) VALUES
 ('1', 'Seomatic', '1.1.56', '1.1.25', NULL, 'unknown', '1', '{\"pluginNameOverride\":\"SEO\"}', '2018-02-08 20:49:53', '2018-02-08 20:49:53', '2018-02-10 21:50:59', '55db3426-3876-4210-968f-eaa0acc2a80a');



DROP TABLE IF EXISTS `craft_rackspaceaccess`;


--
-- Schema for table `craft_rackspaceaccess`
--
CREATE TABLE `craft_rackspaceaccess` (
  `id` int(11) NOT NULL AUTO_INCREMENT,
  `connectionKey` varchar(255) COLLATE utf8_unicode_ci NOT NULL,
  `token` varchar(255) COLLATE utf8_unicode_ci NOT NULL,
  `storageUrl` varchar(255) COLLATE utf8_unicode_ci NOT NULL,
  `cdnUrl` varchar(255) COLLATE utf8_unicode_ci NOT NULL,
  `dateCreated` datetime NOT NULL,
  `dateUpdated` datetime NOT NULL,
  `uid` char(36) COLLATE utf8_unicode_ci NOT NULL DEFAULT '0',
  PRIMARY KEY (`id`),
  UNIQUE KEY `craft_rackspaceaccess_connectionKey_unq_idx` (`connectionKey`)
) ENGINE=InnoDB DEFAULT CHARSET=utf8 COLLATE=utf8_unicode_ci;

DROP TABLE IF EXISTS `craft_relations`;


--
-- Schema for table `craft_relations`
--
CREATE TABLE `craft_relations` (
  `id` int(11) NOT NULL AUTO_INCREMENT,
  `fieldId` int(11) NOT NULL,
  `sourceId` int(11) NOT NULL,
  `sourceLocale` char(12) COLLATE utf8_unicode_ci DEFAULT NULL,
  `targetId` int(11) NOT NULL,
  `sortOrder` smallint(6) DEFAULT NULL,
  `dateCreated` datetime NOT NULL,
  `dateUpdated` datetime NOT NULL,
  `uid` char(36) COLLATE utf8_unicode_ci NOT NULL DEFAULT '0',
  PRIMARY KEY (`id`),
  UNIQUE KEY `craft_relations_fieldId_sourceId_sourceLocale_targetId_unq_idx` (`fieldId`,`sourceId`,`sourceLocale`,`targetId`),
  KEY `craft_relations_sourceId_fk` (`sourceId`),
  KEY `craft_relations_sourceLocale_fk` (`sourceLocale`),
  KEY `craft_relations_targetId_fk` (`targetId`)
) ENGINE=InnoDB AUTO_INCREMENT=13 DEFAULT CHARSET=utf8 COLLATE=utf8_unicode_ci;

--
-- Data for table `craft_relations`
--

INSERT INTO `craft_relations` (`id`, `fieldId`, `sourceId`, `sourceLocale`, `targetId`, `sortOrder`, `dateCreated`, `dateUpdated`, `uid`) VALUES
 ('9', '14', '11', NULL, '10', '1', '2018-02-11 00:43:38', '2018-02-11 00:43:38', '99fac071-b0ff-43c5-aacd-556edc276635'),
 ('10', '16', '11', NULL, '8', '1', '2018-02-11 00:43:38', '2018-02-11 00:43:38', '86850a39-48c5-4043-acf9-77ec54abbe4d'),
 ('11', '14', '12', NULL, '10', '1', '2018-02-11 00:43:38', '2018-02-11 00:43:38', '4d26142d-fe57-4892-b876-acff3c965a7b'),
 ('12', '16', '12', NULL, '7', '1', '2018-02-11 00:43:38', '2018-02-11 00:43:38', '602a2e3d-e89c-4c5d-9712-685472168aad');



DROP TABLE IF EXISTS `craft_routes`;


--
-- Schema for table `craft_routes`
--
CREATE TABLE `craft_routes` (
  `id` int(11) NOT NULL AUTO_INCREMENT,
  `locale` char(12) COLLATE utf8_unicode_ci DEFAULT NULL,
  `urlParts` varchar(255) COLLATE utf8_unicode_ci NOT NULL,
  `urlPattern` varchar(255) COLLATE utf8_unicode_ci NOT NULL,
  `template` varchar(255) COLLATE utf8_unicode_ci NOT NULL,
  `sortOrder` smallint(6) unsigned DEFAULT NULL,
  `dateCreated` datetime NOT NULL,
  `dateUpdated` datetime NOT NULL,
  `uid` char(36) COLLATE utf8_unicode_ci NOT NULL DEFAULT '0',
  PRIMARY KEY (`id`),
  KEY `craft_routes_locale_idx` (`locale`),
  KEY `craft_routes_urlPattern_idx` (`urlPattern`)
) ENGINE=InnoDB DEFAULT CHARSET=utf8 COLLATE=utf8_unicode_ci;

DROP TABLE IF EXISTS `craft_searchindex`;


--
-- Schema for table `craft_searchindex`
--
CREATE TABLE `craft_searchindex` (
  `elementId` int(11) NOT NULL,
  `attribute` varchar(25) COLLATE utf8_unicode_ci NOT NULL,
  `fieldId` int(11) NOT NULL,
  `locale` char(12) COLLATE utf8_unicode_ci NOT NULL,
  `keywords` text COLLATE utf8_unicode_ci NOT NULL,
  PRIMARY KEY (`elementId`,`attribute`,`fieldId`,`locale`),
  FULLTEXT KEY `craft_searchindex_keywords_idx` (`keywords`)
) ENGINE=MyISAM DEFAULT CHARSET=utf8 COLLATE=utf8_unicode_ci;

--
-- Data for table `craft_searchindex`
--

INSERT INTO `craft_searchindex` (`elementId`, `attribute`, `fieldId`, `locale`, `keywords`) VALUES
 ('1', 'username', '0', 'en_nz', ' hi graphicactivity co nz '),
 ('1', 'firstname', '0', 'en_nz', ' rolling '),
 ('1', 'lastname', '0', 'en_nz', ' stills '),
 ('1', 'fullname', '0', 'en_nz', ' rolling stills '),
 ('1', 'email', '0', 'en_nz', ' hi graphicactivity co nz '),
 ('1', 'slug', '0', 'en_nz', ''),
 ('2', 'slug', '0', 'en_nz', ' homepage '),
 ('2', 'title', '0', 'en_nz', ' home '),
 ('2', 'field', '1', 'en_nz', ''),
 ('3', 'slug', '0', 'en_nz', ' about '),
 ('3', 'title', '0', 'en_nz', ' about '),
 ('4', 'slug', '0', 'en_nz', ' contact '),
 ('4', 'title', '0', 'en_nz', ' contact '),
 ('5', 'slug', '0', 'en_nz', ' photographers '),
 ('5', 'title', '0', 'en_nz', ' photographers '),
 ('6', 'slug', '0', 'en_nz', ' categories '),
 ('6', 'title', '0', 'en_nz', ' categories '),
 ('7', 'slug', '0', 'en_nz', ' video '),
 ('7', 'title', '0', 'en_nz', ' video '),
 ('8', 'slug', '0', 'en_nz', ' portrait '),
 ('8', 'title', '0', 'en_nz', ' portrait '),
 ('4', 'field', '3', 'en_nz', ' emilymoonproducer icloud '),
 ('4', 'field', '4', 'en_nz', ' 64 21 858 787 '),
 ('4', 'field', '5', 'en_nz', ''),
 ('4', 'field', '6', 'en_nz', ' https facebook com '),
 ('4', 'field', '7', 'en_nz', ''),
 ('4', 'field', '8', 'en_nz', ''),
 ('4', 'field', '9', 'en_nz', ' facebook '),
 ('3', 'field', '1', 'en_nz', ' lorem ipsum dolor sit amet consectetur adipiscing elit maecenas eu nunc vitae urna commodo posuere in dignissim mauris nam et purus eget augue semper faucibus et nec justo nulla sit amet imperdiet augue quisque aliquet ipsum ligula eu gravida arcu euismod sit amet praesent dictum odio ut venenatis ornare curabitur tempor vel est id porttitor sed id diam augue nunc in quam malesuada fermentum enim ut lacinia libero donec est neque venenatis ut purus non volutpat sodales lectus vestibulum vulputate diam sit amet arcu lobortis mollis nullam dapibus venenatis condimentum praesent maximus ut dui vel suscipit nunc scelerisque iaculis ipsum quis accumsan turpis commodo et suspendisse nisi eros vulputate in porta non pharetra in enim nunc molestie sem felis feugiat dignissim risus laoreet quis vivamus elementum faucibus tempor mauris mollis dolor in justo sollicitudin ac lobortis elit ornare maecenas tristique elit vel vehicula placerat etiam in pretium orci nunc ultrices convallis vestibulum sed pulvinar sapien id urna pharetra consequat nulla non mi dictum elementum metus vel posuere erat '),
 ('9', 'field', '12', 'en_nz', ' matt '),
 ('9', 'slug', '0', 'en_nz', ' matt queree '),
 ('9', 'title', '0', 'en_nz', ' matt queree '),
 ('10', 'filename', '0', 'en_nz', ' grey jpg '),
 ('10', 'extension', '0', 'en_nz', ' jpg '),
 ('10', 'kind', '0', 'en_nz', ' image '),
 ('10', 'slug', '0', 'en_nz', ' grey '),
 ('10', 'title', '0', 'en_nz', ' grey '),
 ('9', 'field', '13', 'en_nz', ' portrait 1 grey video 0 grey '),
 ('11', 'field', '14', 'en_nz', ' grey '),
 ('11', 'field', '15', 'en_nz', ''),
 ('11', 'field', '16', 'en_nz', ' portrait '),
 ('11', 'slug', '0', 'en_nz', ''),
 ('12', 'field', '14', 'en_nz', ' grey '),
 ('12', 'field', '15', 'en_nz', ''),
 ('12', 'field', '16', 'en_nz', ' video '),
 ('12', 'slug', '0', 'en_nz', ''),
 ('11', 'field', '17', 'en_nz', ' 1 '),
 ('12', 'field', '17', 'en_nz', ' 0 ');



DROP TABLE IF EXISTS `craft_sections`;


--
-- Schema for table `craft_sections`
--
CREATE TABLE `craft_sections` (
  `id` int(11) NOT NULL AUTO_INCREMENT,
  `structureId` int(11) DEFAULT NULL,
  `name` varchar(255) COLLATE utf8_unicode_ci NOT NULL,
  `handle` varchar(255) COLLATE utf8_unicode_ci NOT NULL,
  `type` enum('single','channel','structure') COLLATE utf8_unicode_ci NOT NULL DEFAULT 'channel',
  `hasUrls` tinyint(1) unsigned NOT NULL DEFAULT '1',
  `template` varchar(500) COLLATE utf8_unicode_ci DEFAULT NULL,
  `enableVersioning` tinyint(1) unsigned NOT NULL DEFAULT '0',
  `dateCreated` datetime NOT NULL,
  `dateUpdated` datetime NOT NULL,
  `uid` char(36) COLLATE utf8_unicode_ci NOT NULL DEFAULT '0',
  PRIMARY KEY (`id`),
  UNIQUE KEY `craft_sections_name_unq_idx` (`name`),
  UNIQUE KEY `craft_sections_handle_unq_idx` (`handle`),
  KEY `craft_sections_structureId_fk` (`structureId`)
) ENGINE=InnoDB AUTO_INCREMENT=7 DEFAULT CHARSET=utf8 COLLATE=utf8_unicode_ci;

--
-- Data for table `craft_sections`
--

INSERT INTO `craft_sections` (`id`, `structureId`, `name`, `handle`, `type`, `hasUrls`, `template`, `enableVersioning`, `dateCreated`, `dateUpdated`, `uid`) VALUES
 ('1', NULL, 'Home', 'home', 'single', '1', 'pages/home', '1', '2018-02-08 03:54:16', '2018-02-08 03:59:45', '424d4724-ae0d-4958-b2b5-6c6218191a19'),
 ('2', NULL, 'About', 'about', 'single', '1', 'pages/about', '1', '2018-02-08 20:51:46', '2018-02-08 20:51:46', '200bcb5e-7897-450a-91f6-a4b0a2a772c9'),
 ('3', NULL, 'Contact', 'contact', 'single', '1', 'pages/contact', '1', '2018-02-08 20:52:00', '2018-02-08 20:52:00', 'ff634d47-7b59-4093-92e2-43e8b52fd2dc'),
 ('4', NULL, 'Photographers', 'photographers', 'single', '1', 'pages/photographers', '1', '2018-02-08 21:03:22', '2018-02-08 21:03:22', '2f65c79c-ea94-4d58-acec-71d90e4fa55b'),
 ('5', NULL, 'Categories', 'categories', 'single', '1', 'pages/categories', '1', '2018-02-08 21:03:38', '2018-02-08 21:03:38', '4746314a-9823-4387-a7d1-f5d5a53aec48'),
 ('6', NULL, 'Photographer', 'photographerEntry', 'channel', '1', 'photographers/_entry', '1', '2018-02-10 22:07:49', '2018-02-10 22:07:49', 'cbd5b363-8326-48f8-8210-34395603d9b4');



DROP TABLE IF EXISTS `craft_sections_i18n`;


--
-- Schema for table `craft_sections_i18n`
--
CREATE TABLE `craft_sections_i18n` (
  `id` int(11) NOT NULL AUTO_INCREMENT,
  `sectionId` int(11) NOT NULL,
  `locale` char(12) COLLATE utf8_unicode_ci NOT NULL,
  `enabledByDefault` tinyint(1) unsigned NOT NULL DEFAULT '1',
  `urlFormat` text COLLATE utf8_unicode_ci,
  `nestedUrlFormat` text COLLATE utf8_unicode_ci,
  `dateCreated` datetime NOT NULL,
  `dateUpdated` datetime NOT NULL,
  `uid` char(36) COLLATE utf8_unicode_ci NOT NULL DEFAULT '0',
  PRIMARY KEY (`id`),
  UNIQUE KEY `craft_sections_i18n_sectionId_locale_unq_idx` (`sectionId`,`locale`),
  KEY `craft_sections_i18n_locale_fk` (`locale`)
) ENGINE=InnoDB AUTO_INCREMENT=7 DEFAULT CHARSET=utf8 COLLATE=utf8_unicode_ci;

--
-- Data for table `craft_sections_i18n`
--

INSERT INTO `craft_sections_i18n` (`id`, `sectionId`, `locale`, `enabledByDefault`, `urlFormat`, `nestedUrlFormat`, `dateCreated`, `dateUpdated`, `uid`) VALUES
 ('1', '1', 'en_nz', '1', '__home__', NULL, '2018-02-08 03:54:16', '2018-02-08 03:54:16', '1fc2f86a-7fc2-43ba-9cc0-9cbbc42cd337'),
 ('2', '2', 'en_nz', '1', 'about', NULL, '2018-02-08 20:51:46', '2018-02-08 20:51:46', 'ac712009-5083-493e-ad6e-29a491224423'),
 ('3', '3', 'en_nz', '1', 'contact', NULL, '2018-02-08 20:52:00', '2018-02-08 20:52:00', 'ed283515-cf8c-4d08-99cf-6bca3674f378'),
 ('4', '4', 'en_nz', '1', 'photographers', NULL, '2018-02-08 21:03:22', '2018-02-08 21:03:22', 'f6079a4d-cf41-4370-bbb1-3ecf6adf021f'),
 ('5', '5', 'en_nz', '1', 'categories', NULL, '2018-02-08 21:03:38', '2018-02-08 21:03:38', 'be0e94eb-36b8-49cf-bef0-75c40fc2bf0b'),
 ('6', '6', 'en_nz', '1', 'photographers/{slug}', NULL, '2018-02-10 22:07:49', '2018-02-10 22:07:49', '5e9dd886-939d-4e68-ac51-33089ae6d47c');



DROP TABLE IF EXISTS `craft_seomatic_meta`;


--
-- Schema for table `craft_seomatic_meta`
--
CREATE TABLE `craft_seomatic_meta` (
  `id` int(11) NOT NULL,
  `seoImageId` int(11) DEFAULT NULL,
  `seoTwitterImageId` int(11) DEFAULT NULL,
  `seoFacebookImageId` int(11) DEFAULT NULL,
  `locale` varchar(255) COLLATE utf8_unicode_ci DEFAULT 'en_nz',
  `elementId` int(10) DEFAULT '0',
  `metaType` enum('default','template') COLLATE utf8_unicode_ci DEFAULT 'template',
  `metaPath` varchar(255) COLLATE utf8_unicode_ci DEFAULT '',
  `seoMainEntityCategory` varchar(255) COLLATE utf8_unicode_ci DEFAULT '',
  `seoMainEntityOfPage` varchar(255) COLLATE utf8_unicode_ci DEFAULT '',
  `seoTitle` varchar(255) COLLATE utf8_unicode_ci DEFAULT '',
  `seoDescription` varchar(255) COLLATE utf8_unicode_ci DEFAULT '',
  `seoKeywords` varchar(255) COLLATE utf8_unicode_ci DEFAULT '',
  `seoImageTransform` varchar(255) COLLATE utf8_unicode_ci DEFAULT '',
  `seoFacebookImageTransform` varchar(255) COLLATE utf8_unicode_ci DEFAULT '',
  `seoTwitterImageTransform` varchar(255) COLLATE utf8_unicode_ci DEFAULT '',
  `twitterCardType` varchar(255) COLLATE utf8_unicode_ci DEFAULT 'summary',
  `openGraphType` varchar(255) COLLATE utf8_unicode_ci DEFAULT 'website',
  `robots` varchar(255) COLLATE utf8_unicode_ci DEFAULT '',
  `dateCreated` datetime NOT NULL,
  `dateUpdated` datetime NOT NULL,
  `uid` char(36) COLLATE utf8_unicode_ci NOT NULL DEFAULT '0',
  PRIMARY KEY (`id`),
  KEY `craft_seomatic_meta_seoImageId_fk` (`seoImageId`),
  KEY `craft_seomatic_meta_seoTwitterImageId_fk` (`seoTwitterImageId`),
  KEY `craft_seomatic_meta_seoFacebookImageId_fk` (`seoFacebookImageId`)
) ENGINE=InnoDB DEFAULT CHARSET=utf8 COLLATE=utf8_unicode_ci;

DROP TABLE IF EXISTS `craft_seomatic_settings`;


--
-- Schema for table `craft_seomatic_settings`
--
CREATE TABLE `craft_seomatic_settings` (
  `id` int(11) NOT NULL AUTO_INCREMENT,
  `siteSeoImageId` int(11) DEFAULT NULL,
  `siteSeoTwitterImageId` int(11) DEFAULT NULL,
  `siteSeoFacebookImageId` int(11) DEFAULT NULL,
  `genericOwnerImageId` int(11) DEFAULT NULL,
  `genericCreatorImageId` int(11) DEFAULT NULL,
  `locale` varchar(255) COLLATE utf8_unicode_ci DEFAULT '',
  `siteSeoName` varchar(255) COLLATE utf8_unicode_ci DEFAULT '',
  `siteSeoTitle` varchar(255) COLLATE utf8_unicode_ci DEFAULT '',
  `siteSeoTitleSeparator` varchar(10) COLLATE utf8_unicode_ci DEFAULT '|',
  `siteSeoTitlePlacement` enum('before','after','none') COLLATE utf8_unicode_ci DEFAULT 'after',
  `siteSeoDescription` varchar(255) COLLATE utf8_unicode_ci DEFAULT '',
  `siteSeoKeywords` varchar(255) COLLATE utf8_unicode_ci DEFAULT '',
  `siteSeoImageTransform` varchar(100) COLLATE utf8_unicode_ci DEFAULT '',
  `siteSeoFacebookImageTransform` varchar(100) COLLATE utf8_unicode_ci DEFAULT '',
  `siteSeoTwitterImageTransform` varchar(100) COLLATE utf8_unicode_ci DEFAULT '',
  `siteTwitterCardType` varchar(50) COLLATE utf8_unicode_ci DEFAULT '',
  `siteOpenGraphType` varchar(50) COLLATE utf8_unicode_ci DEFAULT '',
  `siteRobots` varchar(50) COLLATE utf8_unicode_ci DEFAULT '',
  `siteRobotsTxt` text COLLATE utf8_unicode_ci,
  `siteLinksSearchTargets` text COLLATE utf8_unicode_ci,
  `siteLinksQueryInput` varchar(50) COLLATE utf8_unicode_ci DEFAULT '',
  `googleSiteVerification` varchar(100) COLLATE utf8_unicode_ci DEFAULT '',
  `bingSiteVerification` varchar(100) COLLATE utf8_unicode_ci DEFAULT '',
  `googleAnalyticsUID` varchar(50) COLLATE utf8_unicode_ci DEFAULT '',
  `googleTagManagerID` varchar(50) COLLATE utf8_unicode_ci DEFAULT '',
  `googleAnalyticsSendPageview` tinyint(1) unsigned NOT NULL DEFAULT '1',
  `googleAnalyticsAdvertising` tinyint(1) unsigned NOT NULL DEFAULT '0',
  `googleAnalyticsEcommerce` tinyint(1) unsigned NOT NULL DEFAULT '0',
  `googleAnalyticsEEcommerce` tinyint(1) unsigned NOT NULL DEFAULT '0',
  `googleAnalyticsLinkAttribution` tinyint(1) unsigned NOT NULL DEFAULT '0',
  `googleAnalyticsLinker` tinyint(1) unsigned NOT NULL DEFAULT '0',
  `googleAnalyticsAnonymizeIp` tinyint(1) unsigned NOT NULL DEFAULT '0',
  `siteOwnerType` varchar(50) COLLATE utf8_unicode_ci DEFAULT '',
  `siteOwnerSubType` varchar(50) COLLATE utf8_unicode_ci DEFAULT '',
  `siteOwnerSpecificType` varchar(50) COLLATE utf8_unicode_ci DEFAULT '',
  `genericOwnerName` varchar(255) COLLATE utf8_unicode_ci DEFAULT '',
  `genericOwnerAlternateName` varchar(255) COLLATE utf8_unicode_ci DEFAULT '',
  `genericOwnerDescription` varchar(1024) COLLATE utf8_unicode_ci DEFAULT '',
  `genericOwnerUrl` varchar(255) COLLATE utf8_unicode_ci DEFAULT '',
  `genericOwnerTelephone` varchar(255) COLLATE utf8_unicode_ci DEFAULT '',
  `genericOwnerEmail` varchar(255) COLLATE utf8_unicode_ci DEFAULT '',
  `genericOwnerStreetAddress` varchar(255) COLLATE utf8_unicode_ci DEFAULT '',
  `genericOwnerAddressLocality` varchar(255) COLLATE utf8_unicode_ci DEFAULT '',
  `genericOwnerAddressRegion` varchar(255) COLLATE utf8_unicode_ci DEFAULT '',
  `genericOwnerPostalCode` varchar(255) COLLATE utf8_unicode_ci DEFAULT '',
  `genericOwnerAddressCountry` varchar(255) COLLATE utf8_unicode_ci DEFAULT '',
  `genericOwnerGeoLatitude` varchar(255) COLLATE utf8_unicode_ci DEFAULT '',
  `genericOwnerGeoLongitude` varchar(255) COLLATE utf8_unicode_ci DEFAULT '',
  `organizationOwnerDuns` varchar(255) COLLATE utf8_unicode_ci DEFAULT '',
  `organizationOwnerFounder` varchar(255) COLLATE utf8_unicode_ci DEFAULT '',
  `organizationOwnerFoundingDate` varchar(255) COLLATE utf8_unicode_ci DEFAULT '',
  `organizationOwnerFoundingLocation` varchar(255) COLLATE utf8_unicode_ci DEFAULT '',
  `organizationOwnerContactPoints` text COLLATE utf8_unicode_ci,
  `localBusinessPriceRange` varchar(10) COLLATE utf8_unicode_ci DEFAULT '$$$',
  `localBusinessOwnerOpeningHours` text COLLATE utf8_unicode_ci,
  `corporationOwnerTickerSymbol` varchar(255) COLLATE utf8_unicode_ci DEFAULT '',
  `restaurantOwnerServesCuisine` varchar(255) COLLATE utf8_unicode_ci DEFAULT '',
  `restaurantOwnerMenuUrl` varchar(255) COLLATE utf8_unicode_ci DEFAULT '',
  `restaurantOwnerReservationsUrl` varchar(255) COLLATE utf8_unicode_ci DEFAULT '',
  `personOwnerGender` varchar(255) COLLATE utf8_unicode_ci DEFAULT '',
  `personOwnerBirthPlace` varchar(255) COLLATE utf8_unicode_ci DEFAULT '',
  `twitterHandle` varchar(50) COLLATE utf8_unicode_ci DEFAULT '',
  `facebookHandle` varchar(50) COLLATE utf8_unicode_ci DEFAULT '',
  `facebookProfileId` varchar(50) COLLATE utf8_unicode_ci DEFAULT '',
  `facebookAppId` varchar(50) COLLATE utf8_unicode_ci DEFAULT '',
  `linkedInHandle` varchar(50) COLLATE utf8_unicode_ci DEFAULT '',
  `googlePlusHandle` varchar(50) COLLATE utf8_unicode_ci DEFAULT '',
  `youtubeHandle` varchar(50) COLLATE utf8_unicode_ci DEFAULT '',
  `youtubeChannelHandle` varchar(50) COLLATE utf8_unicode_ci DEFAULT '',
  `instagramHandle` varchar(50) COLLATE utf8_unicode_ci DEFAULT '',
  `pinterestHandle` varchar(50) COLLATE utf8_unicode_ci DEFAULT '',
  `githubHandle` varchar(50) COLLATE utf8_unicode_ci DEFAULT '',
  `vimeoHandle` varchar(50) COLLATE utf8_unicode_ci DEFAULT '',
  `wikipediaUrl` varchar(100) COLLATE utf8_unicode_ci DEFAULT '',
  `siteCreatorType` varchar(255) COLLATE utf8_unicode_ci DEFAULT '',
  `siteCreatorSubType` varchar(255) COLLATE utf8_unicode_ci DEFAULT '',
  `siteCreatorSpecificType` varchar(255) COLLATE utf8_unicode_ci DEFAULT '',
  `genericCreatorName` varchar(255) COLLATE utf8_unicode_ci DEFAULT '',
  `genericCreatorAlternateName` varchar(255) COLLATE utf8_unicode_ci DEFAULT '',
  `genericCreatorDescription` varchar(1024) COLLATE utf8_unicode_ci DEFAULT '',
  `genericCreatorUrl` varchar(255) COLLATE utf8_unicode_ci DEFAULT '',
  `genericCreatorTelephone` varchar(255) COLLATE utf8_unicode_ci DEFAULT '',
  `genericCreatorEmail` varchar(255) COLLATE utf8_unicode_ci DEFAULT '',
  `genericCreatorStreetAddress` varchar(255) COLLATE utf8_unicode_ci DEFAULT '',
  `genericCreatorAddressLocality` varchar(255) COLLATE utf8_unicode_ci DEFAULT '',
  `genericCreatorAddressRegion` varchar(255) COLLATE utf8_unicode_ci DEFAULT '',
  `genericCreatorPostalCode` varchar(255) COLLATE utf8_unicode_ci DEFAULT '',
  `genericCreatorAddressCountry` varchar(255) COLLATE utf8_unicode_ci DEFAULT '',
  `genericCreatorGeoLatitude` varchar(255) COLLATE utf8_unicode_ci DEFAULT '',
  `genericCreatorGeoLongitude` varchar(255) COLLATE utf8_unicode_ci DEFAULT '',
  `organizationCreatorDuns` varchar(255) COLLATE utf8_unicode_ci DEFAULT '',
  `organizationCreatorFounder` varchar(255) COLLATE utf8_unicode_ci DEFAULT '',
  `organizationCreatorFoundingDate` varchar(255) COLLATE utf8_unicode_ci DEFAULT '',
  `organizationCreatorFoundingLocation` varchar(255) COLLATE utf8_unicode_ci DEFAULT '',
  `organizationCreatorContactPoints` text COLLATE utf8_unicode_ci,
  `localBusinessCreatorOpeningHours` text COLLATE utf8_unicode_ci,
  `corporationCreatorTickerSymbol` varchar(255) COLLATE utf8_unicode_ci DEFAULT '',
  `restaurantCreatorServesCuisine` varchar(255) COLLATE utf8_unicode_ci DEFAULT '',
  `restaurantCreatorMenuUrl` varchar(255) COLLATE utf8_unicode_ci DEFAULT '',
  `restaurantCreatorReservationsUrl` varchar(255) COLLATE utf8_unicode_ci DEFAULT '',
  `personCreatorGender` varchar(255) COLLATE utf8_unicode_ci DEFAULT '',
  `personCreatorBirthPlace` varchar(255) COLLATE utf8_unicode_ci DEFAULT '',
  `genericCreatorHumansTxt` text COLLATE utf8_unicode_ci,
  `dateCreated` datetime NOT NULL,
  `dateUpdated` datetime NOT NULL,
  `uid` char(36) COLLATE utf8_unicode_ci NOT NULL DEFAULT '0',
  PRIMARY KEY (`id`),
  KEY `craft_seomatic_settings_siteSeoImageId_fk` (`siteSeoImageId`),
  KEY `craft_seomatic_settings_siteSeoTwitterImageId_fk` (`siteSeoTwitterImageId`),
  KEY `craft_seomatic_settings_siteSeoFacebookImageId_fk` (`siteSeoFacebookImageId`),
  KEY `craft_seomatic_settings_genericOwnerImageId_fk` (`genericOwnerImageId`),
  KEY `craft_seomatic_settings_genericCreatorImageId_fk` (`genericCreatorImageId`)
) ENGINE=InnoDB AUTO_INCREMENT=2 DEFAULT CHARSET=utf8 COLLATE=utf8_unicode_ci;

--
-- Data for table `craft_seomatic_settings`
--

INSERT INTO `craft_seomatic_settings` (`id`, `siteSeoImageId`, `siteSeoTwitterImageId`, `siteSeoFacebookImageId`, `genericOwnerImageId`, `genericCreatorImageId`, `locale`, `siteSeoName`, `siteSeoTitle`, `siteSeoTitleSeparator`, `siteSeoTitlePlacement`, `siteSeoDescription`, `siteSeoKeywords`, `siteSeoImageTransform`, `siteSeoFacebookImageTransform`, `siteSeoTwitterImageTransform`, `siteTwitterCardType`, `siteOpenGraphType`, `siteRobots`, `siteRobotsTxt`, `siteLinksSearchTargets`, `siteLinksQueryInput`, `googleSiteVerification`, `bingSiteVerification`, `googleAnalyticsUID`, `googleTagManagerID`, `googleAnalyticsSendPageview`, `googleAnalyticsAdvertising`, `googleAnalyticsEcommerce`, `googleAnalyticsEEcommerce`, `googleAnalyticsLinkAttribution`, `googleAnalyticsLinker`, `googleAnalyticsAnonymizeIp`, `siteOwnerType`, `siteOwnerSubType`, `siteOwnerSpecificType`, `genericOwnerName`, `genericOwnerAlternateName`, `genericOwnerDescription`, `genericOwnerUrl`, `genericOwnerTelephone`, `genericOwnerEmail`, `genericOwnerStreetAddress`, `genericOwnerAddressLocality`, `genericOwnerAddressRegion`, `genericOwnerPostalCode`, `genericOwnerAddressCountry`, `genericOwnerGeoLatitude`, `genericOwnerGeoLongitude`, `organizationOwnerDuns`, `organizationOwnerFounder`, `organizationOwnerFoundingDate`, `organizationOwnerFoundingLocation`, `organizationOwnerContactPoints`, `localBusinessPriceRange`, `localBusinessOwnerOpeningHours`, `corporationOwnerTickerSymbol`, `restaurantOwnerServesCuisine`, `restaurantOwnerMenuUrl`, `restaurantOwnerReservationsUrl`, `personOwnerGender`, `personOwnerBirthPlace`, `twitterHandle`, `facebookHandle`, `facebookProfileId`, `facebookAppId`, `linkedInHandle`, `googlePlusHandle`, `youtubeHandle`, `youtubeChannelHandle`, `instagramHandle`, `pinterestHandle`, `githubHandle`, `vimeoHandle`, `wikipediaUrl`, `siteCreatorType`, `siteCreatorSubType`, `siteCreatorSpecificType`, `genericCreatorName`, `genericCreatorAlternateName`, `genericCreatorDescription`, `genericCreatorUrl`, `genericCreatorTelephone`, `genericCreatorEmail`, `genericCreatorStreetAddress`, `genericCreatorAddressLocality`, `genericCreatorAddressRegion`, `genericCreatorPostalCode`, `genericCreatorAddressCountry`, `genericCreatorGeoLatitude`, `genericCreatorGeoLongitude`, `organizationCreatorDuns`, `organizationCreatorFounder`, `organizationCreatorFoundingDate`, `organizationCreatorFoundingLocation`, `organizationCreatorContactPoints`, `localBusinessCreatorOpeningHours`, `corporationCreatorTickerSymbol`, `restaurantCreatorServesCuisine`, `restaurantCreatorMenuUrl`, `restaurantCreatorReservationsUrl`, `personCreatorGender`, `personCreatorBirthPlace`, `genericCreatorHumansTxt`, `dateCreated`, `dateUpdated`, `uid`) VALUES
 ('1', NULL, NULL, NULL, NULL, NULL, 'en_nz', 'Rolling Stills', '', '|', 'after', '', 'default,global,comma-separated,keywords', '', '', '', 'summary', 'website', '', '# robots.txt for {{ siteUrl }}\r\n# For a multi-environment setup, see: https://nystudio107.com/blog/prevent-google-from-indexing-staging-sites\r\n\r\nSitemap: {{ siteUrl |trim(\'/\') }}/sitemap.xml\r\n\r\n{% if craft.config.devMode %}\r\n# devMode - disallow all\r\n\r\nUser-agent: *\r\nDisallow: /\r\n{% else %}\r\n# Live - Don\'t allow web crawlers to index Craft\r\n\r\nUser-agent: *\r\nDisallow: /craft/\r\n{% endif %}', '[]', '', '', '', '', '', '1', '0', '0', '0', '0', '0', '0', 'Organization', 'Corporation', '', 'Rolling Stills', '', '', 'http://rollingstills.graphicactivity.co.nz/', '', '', '', '', '', '', '', '', '', '', '', '', '', '', '$$$', '', '', '', '', '', '', '', '', '', '', '', '', '', '', '', '', '', '', '', '', 'Organization', 'Corporation', '', '', '', '', '', '', '', '', '', '', '', '', '', '', '', '', '', '', '', '', '', '', '', '', '', '', '/* TEAM */\n\n{% if seomaticCreator.name is defined and seomaticCreator.name %}\nCreator: {{ seomaticCreator.name }}\n{% endif %}\n{% if seomaticCreator.url is defined and seomaticCreator.url %}\nURL: {{ seomaticCreator.url }}\n{% endif %}\n{% if seomaticCreator.description is defined and seomaticCreator.description %}\nDescription: {{ seomaticCreator.description }}\n{% endif %}\n\n/* THANKS */\n\nPixel & Tonic - https://pixelandtonic.com\n\n/* SITE */\n\nStandards: HTML5, CSS3\nComponents: Craft CMS, Yii, PHP, Javascript, SEOmatic', '2018-02-08 20:49:58', '2018-02-10 22:47:11', 'beca8f53-049d-4541-9fc1-45ffedda6ab0');



DROP TABLE IF EXISTS `craft_sessions`;


--
-- Schema for table `craft_sessions`
--
CREATE TABLE `craft_sessions` (
  `id` int(11) NOT NULL AUTO_INCREMENT,
  `userId` int(11) NOT NULL,
  `token` char(100) COLLATE utf8_unicode_ci NOT NULL,
  `dateCreated` datetime NOT NULL,
  `dateUpdated` datetime NOT NULL,
  `uid` char(36) COLLATE utf8_unicode_ci NOT NULL DEFAULT '0',
  PRIMARY KEY (`id`),
  KEY `craft_sessions_uid_idx` (`uid`),
  KEY `craft_sessions_token_idx` (`token`),
  KEY `craft_sessions_dateUpdated_idx` (`dateUpdated`),
  KEY `craft_sessions_userId_fk` (`userId`)
) ENGINE=InnoDB AUTO_INCREMENT=6 DEFAULT CHARSET=utf8 COLLATE=utf8_unicode_ci;

DROP TABLE IF EXISTS `craft_shunnedmessages`;


--
-- Schema for table `craft_shunnedmessages`
--
CREATE TABLE `craft_shunnedmessages` (
  `id` int(11) NOT NULL AUTO_INCREMENT,
  `userId` int(11) NOT NULL,
  `message` varchar(255) COLLATE utf8_unicode_ci NOT NULL,
  `expiryDate` datetime DEFAULT NULL,
  `dateCreated` datetime NOT NULL,
  `dateUpdated` datetime NOT NULL,
  `uid` char(36) COLLATE utf8_unicode_ci NOT NULL DEFAULT '0',
  PRIMARY KEY (`id`),
  UNIQUE KEY `craft_shunnedmessages_userId_message_unq_idx` (`userId`,`message`)
) ENGINE=InnoDB DEFAULT CHARSET=utf8 COLLATE=utf8_unicode_ci;

DROP TABLE IF EXISTS `craft_structureelements`;


--
-- Schema for table `craft_structureelements`
--
CREATE TABLE `craft_structureelements` (
  `id` int(11) NOT NULL AUTO_INCREMENT,
  `structureId` int(11) NOT NULL,
  `elementId` int(11) DEFAULT NULL,
  `root` int(11) unsigned DEFAULT NULL,
  `lft` int(11) unsigned NOT NULL,
  `rgt` int(11) unsigned NOT NULL,
  `level` smallint(6) unsigned NOT NULL,
  `dateCreated` datetime NOT NULL,
  `dateUpdated` datetime NOT NULL,
  `uid` char(36) COLLATE utf8_unicode_ci NOT NULL DEFAULT '0',
  PRIMARY KEY (`id`),
  UNIQUE KEY `craft_structureelements_structureId_elementId_unq_idx` (`structureId`,`elementId`),
  KEY `craft_structureelements_root_idx` (`root`),
  KEY `craft_structureelements_lft_idx` (`lft`),
  KEY `craft_structureelements_rgt_idx` (`rgt`),
  KEY `craft_structureelements_level_idx` (`level`),
  KEY `craft_structureelements_elementId_fk` (`elementId`)
) ENGINE=InnoDB AUTO_INCREMENT=4 DEFAULT CHARSET=utf8 COLLATE=utf8_unicode_ci;

--
-- Data for table `craft_structureelements`
--

INSERT INTO `craft_structureelements` (`id`, `structureId`, `elementId`, `root`, `lft`, `rgt`, `level`, `dateCreated`, `dateUpdated`, `uid`) VALUES
 ('1', '1', NULL, '1', '1', '6', '0', '2018-02-10 21:58:41', '2018-02-10 21:58:41', '0c336865-2f88-4846-ab7b-a6f12f936e35'),
 ('2', '1', '7', '1', '2', '3', '1', '2018-02-10 21:58:41', '2018-02-10 21:58:41', '48bef47e-3dfc-47de-be64-cf76170741ba'),
 ('3', '1', '8', '1', '4', '5', '1', '2018-02-10 22:00:00', '2018-02-10 22:00:00', '6d77e6ed-6564-430e-898e-1068a7106376');



DROP TABLE IF EXISTS `craft_structures`;


--
-- Schema for table `craft_structures`
--
CREATE TABLE `craft_structures` (
  `id` int(11) NOT NULL AUTO_INCREMENT,
  `maxLevels` smallint(6) unsigned DEFAULT NULL,
  `dateCreated` datetime NOT NULL,
  `dateUpdated` datetime NOT NULL,
  `uid` char(36) COLLATE utf8_unicode_ci NOT NULL DEFAULT '0',
  PRIMARY KEY (`id`)
) ENGINE=InnoDB AUTO_INCREMENT=2 DEFAULT CHARSET=utf8 COLLATE=utf8_unicode_ci;

--
-- Data for table `craft_structures`
--

INSERT INTO `craft_structures` (`id`, `maxLevels`, `dateCreated`, `dateUpdated`, `uid`) VALUES
 ('1', '1', '2018-02-10 21:58:17', '2018-02-10 21:58:17', 'd7375eda-6ee2-49cf-a08a-7f1e40bdd812');



DROP TABLE IF EXISTS `craft_systemsettings`;


--
-- Schema for table `craft_systemsettings`
--
CREATE TABLE `craft_systemsettings` (
  `id` int(11) NOT NULL AUTO_INCREMENT,
  `category` varchar(15) COLLATE utf8_unicode_ci NOT NULL,
  `settings` text COLLATE utf8_unicode_ci,
  `dateCreated` datetime NOT NULL,
  `dateUpdated` datetime NOT NULL,
  `uid` char(36) COLLATE utf8_unicode_ci NOT NULL DEFAULT '0',
  PRIMARY KEY (`id`),
  UNIQUE KEY `craft_systemsettings_category_unq_idx` (`category`)
) ENGINE=InnoDB AUTO_INCREMENT=2 DEFAULT CHARSET=utf8 COLLATE=utf8_unicode_ci;

--
-- Data for table `craft_systemsettings`
--

INSERT INTO `craft_systemsettings` (`id`, `category`, `settings`, `dateCreated`, `dateUpdated`, `uid`) VALUES
 ('1', 'email', '{\"protocol\":\"php\",\"emailAddress\":\"hi@graphicactivity.co.nz\",\"senderName\":\"Rolling Stills\"}', '2018-02-08 03:54:16', '2018-02-08 03:54:16', 'd4fea701-02e2-4b86-a8fc-0ecd38b8724e');



DROP TABLE IF EXISTS `craft_taggroups`;


--
-- Schema for table `craft_taggroups`
--
CREATE TABLE `craft_taggroups` (
  `id` int(11) NOT NULL AUTO_INCREMENT,
  `name` varchar(255) COLLATE utf8_unicode_ci NOT NULL,
  `handle` varchar(255) COLLATE utf8_unicode_ci NOT NULL,
  `fieldLayoutId` int(10) DEFAULT NULL,
  `dateCreated` datetime NOT NULL,
  `dateUpdated` datetime NOT NULL,
  `uid` char(36) COLLATE utf8_unicode_ci NOT NULL DEFAULT '0',
  PRIMARY KEY (`id`),
  UNIQUE KEY `craft_taggroups_name_unq_idx` (`name`),
  UNIQUE KEY `craft_taggroups_handle_unq_idx` (`handle`),
  KEY `craft_taggroups_fieldLayoutId_fk` (`fieldLayoutId`)
) ENGINE=InnoDB AUTO_INCREMENT=2 DEFAULT CHARSET=utf8 COLLATE=utf8_unicode_ci;

--
-- Data for table `craft_taggroups`
--

INSERT INTO `craft_taggroups` (`id`, `name`, `handle`, `fieldLayoutId`, `dateCreated`, `dateUpdated`, `uid`) VALUES
 ('1', 'Default', 'default', '1', '2018-02-08 03:54:16', '2018-02-08 03:54:16', '62c63a93-c46a-4d6c-b19b-9b14384b9bf6');



DROP TABLE IF EXISTS `craft_tags`;


--
-- Schema for table `craft_tags`
--
CREATE TABLE `craft_tags` (
  `id` int(11) NOT NULL,
  `groupId` int(11) NOT NULL,
  `dateCreated` datetime NOT NULL,
  `dateUpdated` datetime NOT NULL,
  `uid` char(36) COLLATE utf8_unicode_ci NOT NULL DEFAULT '0',
  PRIMARY KEY (`id`),
  KEY `craft_tags_groupId_fk` (`groupId`)
) ENGINE=InnoDB DEFAULT CHARSET=utf8 COLLATE=utf8_unicode_ci;

DROP TABLE IF EXISTS `craft_tasks`;


--
-- Schema for table `craft_tasks`
--
CREATE TABLE `craft_tasks` (
  `id` int(11) NOT NULL AUTO_INCREMENT,
  `root` int(11) unsigned DEFAULT NULL,
  `lft` int(11) unsigned NOT NULL,
  `rgt` int(11) unsigned NOT NULL,
  `level` smallint(6) unsigned NOT NULL,
  `currentStep` int(11) unsigned DEFAULT NULL,
  `totalSteps` int(11) unsigned DEFAULT NULL,
  `status` enum('pending','error','running') COLLATE utf8_unicode_ci DEFAULT NULL,
  `type` varchar(150) COLLATE utf8_unicode_ci NOT NULL,
  `description` varchar(255) COLLATE utf8_unicode_ci DEFAULT NULL,
  `settings` mediumtext COLLATE utf8_unicode_ci,
  `dateCreated` datetime NOT NULL,
  `dateUpdated` datetime NOT NULL,
  `uid` char(36) COLLATE utf8_unicode_ci NOT NULL DEFAULT '0',
  PRIMARY KEY (`id`),
  KEY `craft_tasks_root_idx` (`root`),
  KEY `craft_tasks_lft_idx` (`lft`),
  KEY `craft_tasks_rgt_idx` (`rgt`),
  KEY `craft_tasks_level_idx` (`level`)
) ENGINE=InnoDB AUTO_INCREMENT=23 DEFAULT CHARSET=utf8 COLLATE=utf8_unicode_ci;

DROP TABLE IF EXISTS `craft_templatecachecriteria`;


--
-- Schema for table `craft_templatecachecriteria`
--
CREATE TABLE `craft_templatecachecriteria` (
  `id` int(11) NOT NULL AUTO_INCREMENT,
  `cacheId` int(11) NOT NULL,
  `type` varchar(150) COLLATE utf8_unicode_ci NOT NULL,
  `criteria` text COLLATE utf8_unicode_ci NOT NULL,
  PRIMARY KEY (`id`),
  KEY `craft_templatecachecriteria_cacheId_fk` (`cacheId`),
  KEY `craft_templatecachecriteria_type_idx` (`type`)
) ENGINE=InnoDB DEFAULT CHARSET=utf8 COLLATE=utf8_unicode_ci;

DROP TABLE IF EXISTS `craft_templatecacheelements`;


--
-- Schema for table `craft_templatecacheelements`
--
CREATE TABLE `craft_templatecacheelements` (
  `cacheId` int(11) NOT NULL,
  `elementId` int(11) NOT NULL,
  KEY `craft_templatecacheelements_cacheId_fk` (`cacheId`),
  KEY `craft_templatecacheelements_elementId_fk` (`elementId`)
) ENGINE=InnoDB DEFAULT CHARSET=utf8 COLLATE=utf8_unicode_ci;

DROP TABLE IF EXISTS `craft_templatecaches`;


--
-- Schema for table `craft_templatecaches`
--
CREATE TABLE `craft_templatecaches` (
  `id` int(11) NOT NULL AUTO_INCREMENT,
  `cacheKey` varchar(255) COLLATE utf8_unicode_ci NOT NULL,
  `locale` char(12) COLLATE utf8_unicode_ci NOT NULL,
  `path` varchar(255) COLLATE utf8_unicode_ci DEFAULT NULL,
  `expiryDate` datetime NOT NULL,
  `body` mediumtext COLLATE utf8_unicode_ci NOT NULL,
  PRIMARY KEY (`id`),
  KEY `craft_templatecaches_cacheKey_locale_expiryDate_path_idx` (`cacheKey`,`locale`,`expiryDate`,`path`),
  KEY `craft_templatecaches_cacheKey_locale_expiryDate_idx` (`cacheKey`,`locale`,`expiryDate`),
  KEY `craft_templatecaches_locale_fk` (`locale`)
) ENGINE=InnoDB DEFAULT CHARSET=utf8 COLLATE=utf8_unicode_ci;

DROP TABLE IF EXISTS `craft_tokens`;


--
-- Schema for table `craft_tokens`
--
CREATE TABLE `craft_tokens` (
  `id` int(11) NOT NULL AUTO_INCREMENT,
  `token` char(32) COLLATE utf8_unicode_ci NOT NULL,
  `route` text COLLATE utf8_unicode_ci,
  `usageLimit` tinyint(3) unsigned DEFAULT NULL,
  `usageCount` tinyint(3) unsigned DEFAULT NULL,
  `expiryDate` datetime NOT NULL,
  `dateCreated` datetime NOT NULL,
  `dateUpdated` datetime NOT NULL,
  `uid` char(36) COLLATE utf8_unicode_ci NOT NULL DEFAULT '0',
  PRIMARY KEY (`id`),
  UNIQUE KEY `craft_tokens_token_unq_idx` (`token`),
  KEY `craft_tokens_expiryDate_idx` (`expiryDate`)
) ENGINE=InnoDB DEFAULT CHARSET=utf8 COLLATE=utf8_unicode_ci;

DROP TABLE IF EXISTS `craft_usergroups`;


--
-- Schema for table `craft_usergroups`
--
CREATE TABLE `craft_usergroups` (
  `id` int(11) NOT NULL AUTO_INCREMENT,
  `name` varchar(255) COLLATE utf8_unicode_ci NOT NULL,
  `handle` varchar(255) COLLATE utf8_unicode_ci NOT NULL,
  `dateCreated` datetime NOT NULL,
  `dateUpdated` datetime NOT NULL,
  `uid` char(36) COLLATE utf8_unicode_ci NOT NULL DEFAULT '0',
  PRIMARY KEY (`id`),
  UNIQUE KEY `craft_usergroups_name_unq_idx` (`name`),
  UNIQUE KEY `craft_usergroups_handle_unq_idx` (`handle`)
) ENGINE=InnoDB DEFAULT CHARSET=utf8 COLLATE=utf8_unicode_ci;

DROP TABLE IF EXISTS `craft_usergroups_users`;


--
-- Schema for table `craft_usergroups_users`
--
CREATE TABLE `craft_usergroups_users` (
  `id` int(11) NOT NULL AUTO_INCREMENT,
  `groupId` int(11) NOT NULL,
  `userId` int(11) NOT NULL,
  `dateCreated` datetime NOT NULL,
  `dateUpdated` datetime NOT NULL,
  `uid` char(36) COLLATE utf8_unicode_ci NOT NULL DEFAULT '0',
  PRIMARY KEY (`id`),
  UNIQUE KEY `craft_usergroups_users_groupId_userId_unq_idx` (`groupId`,`userId`),
  KEY `craft_usergroups_users_userId_fk` (`userId`)
) ENGINE=InnoDB DEFAULT CHARSET=utf8 COLLATE=utf8_unicode_ci;

DROP TABLE IF EXISTS `craft_userpermissions`;


--
-- Schema for table `craft_userpermissions`
--
CREATE TABLE `craft_userpermissions` (
  `id` int(11) NOT NULL AUTO_INCREMENT,
  `name` varchar(255) COLLATE utf8_unicode_ci NOT NULL,
  `dateCreated` datetime NOT NULL,
  `dateUpdated` datetime NOT NULL,
  `uid` char(36) COLLATE utf8_unicode_ci NOT NULL DEFAULT '0',
  PRIMARY KEY (`id`),
  UNIQUE KEY `craft_userpermissions_name_unq_idx` (`name`)
) ENGINE=InnoDB DEFAULT CHARSET=utf8 COLLATE=utf8_unicode_ci;

DROP TABLE IF EXISTS `craft_userpermissions_usergroups`;


--
-- Schema for table `craft_userpermissions_usergroups`
--
CREATE TABLE `craft_userpermissions_usergroups` (
  `id` int(11) NOT NULL AUTO_INCREMENT,
  `permissionId` int(11) NOT NULL,
  `groupId` int(11) NOT NULL,
  `dateCreated` datetime NOT NULL,
  `dateUpdated` datetime NOT NULL,
  `uid` char(36) COLLATE utf8_unicode_ci NOT NULL DEFAULT '0',
  PRIMARY KEY (`id`),
  UNIQUE KEY `craft_userpermissions_usergroups_permissionId_groupId_unq_idx` (`permissionId`,`groupId`),
  KEY `craft_userpermissions_usergroups_groupId_fk` (`groupId`)
) ENGINE=InnoDB DEFAULT CHARSET=utf8 COLLATE=utf8_unicode_ci;

DROP TABLE IF EXISTS `craft_userpermissions_users`;


--
-- Schema for table `craft_userpermissions_users`
--
CREATE TABLE `craft_userpermissions_users` (
  `id` int(11) NOT NULL AUTO_INCREMENT,
  `permissionId` int(11) NOT NULL,
  `userId` int(11) NOT NULL,
  `dateCreated` datetime NOT NULL,
  `dateUpdated` datetime NOT NULL,
  `uid` char(36) COLLATE utf8_unicode_ci NOT NULL DEFAULT '0',
  PRIMARY KEY (`id`),
  UNIQUE KEY `craft_userpermissions_users_permissionId_userId_unq_idx` (`permissionId`,`userId`),
  KEY `craft_userpermissions_users_userId_fk` (`userId`)
) ENGINE=InnoDB DEFAULT CHARSET=utf8 COLLATE=utf8_unicode_ci;

DROP TABLE IF EXISTS `craft_users`;


--
-- Schema for table `craft_users`
--
CREATE TABLE `craft_users` (
  `id` int(11) NOT NULL,
  `username` varchar(100) COLLATE utf8_unicode_ci NOT NULL,
  `photo` varchar(100) COLLATE utf8_unicode_ci DEFAULT NULL,
  `firstName` varchar(100) COLLATE utf8_unicode_ci DEFAULT NULL,
  `lastName` varchar(100) COLLATE utf8_unicode_ci DEFAULT NULL,
  `email` varchar(255) COLLATE utf8_unicode_ci NOT NULL,
  `password` char(255) COLLATE utf8_unicode_ci DEFAULT NULL,
  `preferredLocale` char(12) COLLATE utf8_unicode_ci DEFAULT NULL,
  `weekStartDay` tinyint(1) unsigned NOT NULL DEFAULT '0',
  `admin` tinyint(1) unsigned NOT NULL DEFAULT '0',
  `client` tinyint(1) unsigned NOT NULL DEFAULT '0',
  `locked` tinyint(1) unsigned NOT NULL DEFAULT '0',
  `suspended` tinyint(1) unsigned NOT NULL DEFAULT '0',
  `pending` tinyint(1) unsigned NOT NULL DEFAULT '0',
  `archived` tinyint(1) unsigned NOT NULL DEFAULT '0',
  `lastLoginDate` datetime DEFAULT NULL,
  `lastLoginAttemptIPAddress` varchar(45) COLLATE utf8_unicode_ci DEFAULT NULL,
  `invalidLoginWindowStart` datetime DEFAULT NULL,
  `invalidLoginCount` tinyint(4) unsigned DEFAULT NULL,
  `lastInvalidLoginDate` datetime DEFAULT NULL,
  `lockoutDate` datetime DEFAULT NULL,
  `verificationCode` char(100) COLLATE utf8_unicode_ci DEFAULT NULL,
  `verificationCodeIssuedDate` datetime DEFAULT NULL,
  `unverifiedEmail` varchar(255) COLLATE utf8_unicode_ci DEFAULT NULL,
  `passwordResetRequired` tinyint(1) unsigned NOT NULL DEFAULT '0',
  `lastPasswordChangeDate` datetime DEFAULT NULL,
  `dateCreated` datetime NOT NULL,
  `dateUpdated` datetime NOT NULL,
  `uid` char(36) COLLATE utf8_unicode_ci NOT NULL DEFAULT '0',
  PRIMARY KEY (`id`),
  UNIQUE KEY `craft_users_username_unq_idx` (`username`),
  UNIQUE KEY `craft_users_email_unq_idx` (`email`),
  KEY `craft_users_verificationCode_idx` (`verificationCode`),
  KEY `craft_users_uid_idx` (`uid`),
  KEY `craft_users_preferredLocale_fk` (`preferredLocale`)
) ENGINE=InnoDB DEFAULT CHARSET=utf8 COLLATE=utf8_unicode_ci;

--
-- Data for table `craft_users`
--

INSERT INTO `craft_users` (`id`, `username`, `photo`, `firstName`, `lastName`, `email`, `password`, `preferredLocale`, `weekStartDay`, `admin`, `client`, `locked`, `suspended`, `pending`, `archived`, `lastLoginDate`, `lastLoginAttemptIPAddress`, `invalidLoginWindowStart`, `invalidLoginCount`, `lastInvalidLoginDate`, `lockoutDate`, `verificationCode`, `verificationCodeIssuedDate`, `unverifiedEmail`, `passwordResetRequired`, `lastPasswordChangeDate`, `dateCreated`, `dateUpdated`, `uid`) VALUES
 ('1', 'hi@graphicactivity.co.nz', NULL, 'Rolling', 'Stills', 'hi@graphicactivity.co.nz', '$2y$13$ywflgVdVNoUB/5nSw.Itbe.9SYwRG5AZXL05adCowrBbhYbi.oHUi', NULL, '0', '1', '0', '0', '0', '0', '0', '2018-02-11 06:27:14', '163.47.106.107', NULL, NULL, NULL, NULL, NULL, NULL, NULL, '0', '2018-02-08 03:54:15', '2018-02-08 03:54:15', '2018-02-11 06:27:14', '4391b814-e058-48eb-af89-b44eeddbc95e');



DROP TABLE IF EXISTS `craft_widgets`;


--
-- Schema for table `craft_widgets`
--
CREATE TABLE `craft_widgets` (
  `id` int(11) NOT NULL AUTO_INCREMENT,
  `userId` int(11) NOT NULL,
  `type` varchar(150) COLLATE utf8_unicode_ci NOT NULL,
  `sortOrder` smallint(6) unsigned DEFAULT NULL,
  `colspan` tinyint(4) unsigned DEFAULT NULL,
  `settings` text COLLATE utf8_unicode_ci,
  `enabled` tinyint(1) unsigned NOT NULL DEFAULT '1',
  `dateCreated` datetime NOT NULL,
  `dateUpdated` datetime NOT NULL,
  `uid` char(36) COLLATE utf8_unicode_ci NOT NULL DEFAULT '0',
  PRIMARY KEY (`id`),
  KEY `craft_widgets_userId_fk` (`userId`)
) ENGINE=InnoDB AUTO_INCREMENT=5 DEFAULT CHARSET=utf8 COLLATE=utf8_unicode_ci;

--
-- Data for table `craft_widgets`
--

INSERT INTO `craft_widgets` (`id`, `userId`, `type`, `sortOrder`, `colspan`, `settings`, `enabled`, `dateCreated`, `dateUpdated`, `uid`) VALUES
 ('1', '1', 'RecentEntries', '1', NULL, NULL, '0', '2018-02-08 03:58:08', '2018-02-08 20:50:17', '73387a0c-39a9-4bce-b731-d57c7fc21190'),
 ('2', '1', 'GetHelp', '2', NULL, NULL, '0', '2018-02-08 03:58:08', '2018-02-08 20:50:18', '3366f175-35ab-4b71-a33d-01bc94f500ba'),
 ('3', '1', 'Updates', '3', NULL, NULL, '0', '2018-02-08 03:58:08', '2018-02-08 20:50:19', 'fb9558a1-e75d-46c2-923e-6964bb01e6ac'),
 ('4', '1', 'Feed', '4', NULL, '{\"url\":\"https:\\/\\/craftcms.com\\/news.rss\",\"title\":\"Craft News\"}', '0', '2018-02-08 03:58:08', '2018-02-08 20:50:21', '20b63000-752c-466d-9145-d51447744438');


--
-- Constraints for tables
--


--
-- Constraints for table `craft_assetfiles`
--
ALTER TABLE `craft_assetfiles`
	ADD CONSTRAINT `craft_assetfiles_folderId_fk` FOREIGN KEY (`folderId`) REFERENCES `craft_assetfolders` (`id`) ON DELETE CASCADE,
	ADD CONSTRAINT `craft_assetfiles_id_fk` FOREIGN KEY (`id`) REFERENCES `craft_elements` (`id`) ON DELETE CASCADE,
	ADD CONSTRAINT `craft_assetfiles_sourceId_fk` FOREIGN KEY (`sourceId`) REFERENCES `craft_assetsources` (`id`) ON DELETE CASCADE;

--
-- Constraints for table `craft_assetfolders`
--
ALTER TABLE `craft_assetfolders`
	ADD CONSTRAINT `craft_assetfolders_parentId_fk` FOREIGN KEY (`parentId`) REFERENCES `craft_assetfolders` (`id`) ON DELETE CASCADE,
	ADD CONSTRAINT `craft_assetfolders_sourceId_fk` FOREIGN KEY (`sourceId`) REFERENCES `craft_assetsources` (`id`) ON DELETE CASCADE;

--
-- Constraints for table `craft_assetindexdata`
--
ALTER TABLE `craft_assetindexdata`
	ADD CONSTRAINT `craft_assetindexdata_sourceId_fk` FOREIGN KEY (`sourceId`) REFERENCES `craft_assetsources` (`id`) ON DELETE CASCADE;

--
-- Constraints for table `craft_assetsources`
--
ALTER TABLE `craft_assetsources`
	ADD CONSTRAINT `craft_assetsources_fieldLayoutId_fk` FOREIGN KEY (`fieldLayoutId`) REFERENCES `craft_fieldlayouts` (`id`) ON DELETE SET NULL;

--
-- Constraints for table `craft_categories`
--
ALTER TABLE `craft_categories`
	ADD CONSTRAINT `craft_categories_groupId_fk` FOREIGN KEY (`groupId`) REFERENCES `craft_categorygroups` (`id`) ON DELETE CASCADE,
	ADD CONSTRAINT `craft_categories_id_fk` FOREIGN KEY (`id`) REFERENCES `craft_elements` (`id`) ON DELETE CASCADE;

--
-- Constraints for table `craft_categorygroups`
--
ALTER TABLE `craft_categorygroups`
	ADD CONSTRAINT `craft_categorygroups_fieldLayoutId_fk` FOREIGN KEY (`fieldLayoutId`) REFERENCES `craft_fieldlayouts` (`id`) ON DELETE SET NULL,
	ADD CONSTRAINT `craft_categorygroups_structureId_fk` FOREIGN KEY (`structureId`) REFERENCES `craft_structures` (`id`) ON DELETE CASCADE;

--
-- Constraints for table `craft_categorygroups_i18n`
--
ALTER TABLE `craft_categorygroups_i18n`
	ADD CONSTRAINT `craft_categorygroups_i18n_groupId_fk` FOREIGN KEY (`groupId`) REFERENCES `craft_categorygroups` (`id`) ON DELETE CASCADE,
	ADD CONSTRAINT `craft_categorygroups_i18n_locale_fk` FOREIGN KEY (`locale`) REFERENCES `craft_locales` (`locale`) ON DELETE CASCADE ON UPDATE CASCADE;

--
-- Constraints for table `craft_content`
--
ALTER TABLE `craft_content`
	ADD CONSTRAINT `craft_content_elementId_fk` FOREIGN KEY (`elementId`) REFERENCES `craft_elements` (`id`) ON DELETE CASCADE,
	ADD CONSTRAINT `craft_content_locale_fk` FOREIGN KEY (`locale`) REFERENCES `craft_locales` (`locale`) ON DELETE CASCADE ON UPDATE CASCADE;

--
-- Constraints for table `craft_elements_i18n`
--
ALTER TABLE `craft_elements_i18n`
	ADD CONSTRAINT `craft_elements_i18n_elementId_fk` FOREIGN KEY (`elementId`) REFERENCES `craft_elements` (`id`) ON DELETE CASCADE,
	ADD CONSTRAINT `craft_elements_i18n_locale_fk` FOREIGN KEY (`locale`) REFERENCES `craft_locales` (`locale`) ON DELETE CASCADE ON UPDATE CASCADE;

--
-- Constraints for table `craft_emailmessages`
--
ALTER TABLE `craft_emailmessages`
	ADD CONSTRAINT `craft_emailmessages_locale_fk` FOREIGN KEY (`locale`) REFERENCES `craft_locales` (`locale`) ON DELETE CASCADE ON UPDATE CASCADE;

--
-- Constraints for table `craft_entries`
--
ALTER TABLE `craft_entries`
	ADD CONSTRAINT `craft_entries_authorId_fk` FOREIGN KEY (`authorId`) REFERENCES `craft_users` (`id`) ON DELETE CASCADE,
	ADD CONSTRAINT `craft_entries_id_fk` FOREIGN KEY (`id`) REFERENCES `craft_elements` (`id`) ON DELETE CASCADE,
	ADD CONSTRAINT `craft_entries_sectionId_fk` FOREIGN KEY (`sectionId`) REFERENCES `craft_sections` (`id`) ON DELETE CASCADE,
	ADD CONSTRAINT `craft_entries_typeId_fk` FOREIGN KEY (`typeId`) REFERENCES `craft_entrytypes` (`id`) ON DELETE CASCADE;

--
-- Constraints for table `craft_entrydrafts`
--
ALTER TABLE `craft_entrydrafts`
	ADD CONSTRAINT `craft_entrydrafts_creatorId_fk` FOREIGN KEY (`creatorId`) REFERENCES `craft_users` (`id`) ON DELETE CASCADE,
	ADD CONSTRAINT `craft_entrydrafts_entryId_fk` FOREIGN KEY (`entryId`) REFERENCES `craft_entries` (`id`) ON DELETE CASCADE,
	ADD CONSTRAINT `craft_entrydrafts_locale_fk` FOREIGN KEY (`locale`) REFERENCES `craft_locales` (`locale`) ON DELETE CASCADE ON UPDATE CASCADE,
	ADD CONSTRAINT `craft_entrydrafts_sectionId_fk` FOREIGN KEY (`sectionId`) REFERENCES `craft_sections` (`id`) ON DELETE CASCADE;

--
-- Constraints for table `craft_entrytypes`
--
ALTER TABLE `craft_entrytypes`
	ADD CONSTRAINT `craft_entrytypes_fieldLayoutId_fk` FOREIGN KEY (`fieldLayoutId`) REFERENCES `craft_fieldlayouts` (`id`) ON DELETE SET NULL,
	ADD CONSTRAINT `craft_entrytypes_sectionId_fk` FOREIGN KEY (`sectionId`) REFERENCES `craft_sections` (`id`) ON DELETE CASCADE;

--
-- Constraints for table `craft_entryversions`
--
ALTER TABLE `craft_entryversions`
	ADD CONSTRAINT `craft_entryversions_creatorId_fk` FOREIGN KEY (`creatorId`) REFERENCES `craft_users` (`id`) ON DELETE SET NULL,
	ADD CONSTRAINT `craft_entryversions_entryId_fk` FOREIGN KEY (`entryId`) REFERENCES `craft_entries` (`id`) ON DELETE CASCADE,
	ADD CONSTRAINT `craft_entryversions_locale_fk` FOREIGN KEY (`locale`) REFERENCES `craft_locales` (`locale`) ON DELETE CASCADE ON UPDATE CASCADE,
	ADD CONSTRAINT `craft_entryversions_sectionId_fk` FOREIGN KEY (`sectionId`) REFERENCES `craft_sections` (`id`) ON DELETE CASCADE;

--
-- Constraints for table `craft_fieldlayoutfields`
--
ALTER TABLE `craft_fieldlayoutfields`
	ADD CONSTRAINT `craft_fieldlayoutfields_fieldId_fk` FOREIGN KEY (`fieldId`) REFERENCES `craft_fields` (`id`) ON DELETE CASCADE,
	ADD CONSTRAINT `craft_fieldlayoutfields_layoutId_fk` FOREIGN KEY (`layoutId`) REFERENCES `craft_fieldlayouts` (`id`) ON DELETE CASCADE,
	ADD CONSTRAINT `craft_fieldlayoutfields_tabId_fk` FOREIGN KEY (`tabId`) REFERENCES `craft_fieldlayouttabs` (`id`) ON DELETE CASCADE;

--
-- Constraints for table `craft_fieldlayouttabs`
--
ALTER TABLE `craft_fieldlayouttabs`
	ADD CONSTRAINT `craft_fieldlayouttabs_layoutId_fk` FOREIGN KEY (`layoutId`) REFERENCES `craft_fieldlayouts` (`id`) ON DELETE CASCADE;

--
-- Constraints for table `craft_fields`
--
ALTER TABLE `craft_fields`
	ADD CONSTRAINT `craft_fields_groupId_fk` FOREIGN KEY (`groupId`) REFERENCES `craft_fieldgroups` (`id`) ON DELETE CASCADE;

--
-- Constraints for table `craft_globalsets`
--
ALTER TABLE `craft_globalsets`
	ADD CONSTRAINT `craft_globalsets_fieldLayoutId_fk` FOREIGN KEY (`fieldLayoutId`) REFERENCES `craft_fieldlayouts` (`id`) ON DELETE SET NULL,
	ADD CONSTRAINT `craft_globalsets_id_fk` FOREIGN KEY (`id`) REFERENCES `craft_elements` (`id`) ON DELETE CASCADE;

--
-- Constraints for table `craft_matrixblocks`
--
ALTER TABLE `craft_matrixblocks`
	ADD CONSTRAINT `craft_matrixblocks_fieldId_fk` FOREIGN KEY (`fieldId`) REFERENCES `craft_fields` (`id`) ON DELETE CASCADE,
	ADD CONSTRAINT `craft_matrixblocks_id_fk` FOREIGN KEY (`id`) REFERENCES `craft_elements` (`id`) ON DELETE CASCADE,
	ADD CONSTRAINT `craft_matrixblocks_ownerId_fk` FOREIGN KEY (`ownerId`) REFERENCES `craft_elements` (`id`) ON DELETE CASCADE,
	ADD CONSTRAINT `craft_matrixblocks_ownerLocale_fk` FOREIGN KEY (`ownerLocale`) REFERENCES `craft_locales` (`locale`) ON DELETE CASCADE ON UPDATE CASCADE,
	ADD CONSTRAINT `craft_matrixblocks_typeId_fk` FOREIGN KEY (`typeId`) REFERENCES `craft_matrixblocktypes` (`id`) ON DELETE CASCADE;

--
-- Constraints for table `craft_matrixblocktypes`
--
ALTER TABLE `craft_matrixblocktypes`
	ADD CONSTRAINT `craft_matrixblocktypes_fieldId_fk` FOREIGN KEY (`fieldId`) REFERENCES `craft_fields` (`id`) ON DELETE CASCADE,
	ADD CONSTRAINT `craft_matrixblocktypes_fieldLayoutId_fk` FOREIGN KEY (`fieldLayoutId`) REFERENCES `craft_fieldlayouts` (`id`) ON DELETE SET NULL;

--
-- Constraints for table `craft_matrixcontent_photographs`
--
ALTER TABLE `craft_matrixcontent_photographs`
	ADD CONSTRAINT `craft_matrixcontent_photographs_elementId_fk` FOREIGN KEY (`elementId`) REFERENCES `craft_elements` (`id`) ON DELETE CASCADE,
	ADD CONSTRAINT `craft_matrixcontent_photographs_locale_fk` FOREIGN KEY (`locale`) REFERENCES `craft_locales` (`locale`) ON DELETE CASCADE ON UPDATE CASCADE;

--
-- Constraints for table `craft_migrations`
--
ALTER TABLE `craft_migrations`
	ADD CONSTRAINT `craft_migrations_pluginId_fk` FOREIGN KEY (`pluginId`) REFERENCES `craft_plugins` (`id`) ON DELETE CASCADE;

--
-- Constraints for table `craft_relations`
--
ALTER TABLE `craft_relations`
	ADD CONSTRAINT `craft_relations_fieldId_fk` FOREIGN KEY (`fieldId`) REFERENCES `craft_fields` (`id`) ON DELETE CASCADE,
	ADD CONSTRAINT `craft_relations_sourceId_fk` FOREIGN KEY (`sourceId`) REFERENCES `craft_elements` (`id`) ON DELETE CASCADE,
	ADD CONSTRAINT `craft_relations_sourceLocale_fk` FOREIGN KEY (`sourceLocale`) REFERENCES `craft_locales` (`locale`) ON DELETE CASCADE ON UPDATE CASCADE,
	ADD CONSTRAINT `craft_relations_targetId_fk` FOREIGN KEY (`targetId`) REFERENCES `craft_elements` (`id`) ON DELETE CASCADE;

--
-- Constraints for table `craft_routes`
--
ALTER TABLE `craft_routes`
	ADD CONSTRAINT `craft_routes_locale_fk` FOREIGN KEY (`locale`) REFERENCES `craft_locales` (`locale`) ON DELETE CASCADE ON UPDATE CASCADE;

--
-- Constraints for table `craft_sections`
--
ALTER TABLE `craft_sections`
	ADD CONSTRAINT `craft_sections_structureId_fk` FOREIGN KEY (`structureId`) REFERENCES `craft_structures` (`id`) ON DELETE SET NULL;

--
-- Constraints for table `craft_sections_i18n`
--
ALTER TABLE `craft_sections_i18n`
	ADD CONSTRAINT `craft_sections_i18n_locale_fk` FOREIGN KEY (`locale`) REFERENCES `craft_locales` (`locale`) ON DELETE CASCADE ON UPDATE CASCADE,
	ADD CONSTRAINT `craft_sections_i18n_sectionId_fk` FOREIGN KEY (`sectionId`) REFERENCES `craft_sections` (`id`) ON DELETE CASCADE;

--
-- Constraints for table `craft_seomatic_meta`
--
ALTER TABLE `craft_seomatic_meta`
	ADD CONSTRAINT `craft_seomatic_meta_id_fk` FOREIGN KEY (`id`) REFERENCES `craft_elements` (`id`) ON DELETE CASCADE,
	ADD CONSTRAINT `craft_seomatic_meta_seoFacebookImageId_fk` FOREIGN KEY (`seoFacebookImageId`) REFERENCES `craft_assetfiles` (`id`) ON DELETE SET NULL,
	ADD CONSTRAINT `craft_seomatic_meta_seoImageId_fk` FOREIGN KEY (`seoImageId`) REFERENCES `craft_assetfiles` (`id`) ON DELETE SET NULL,
	ADD CONSTRAINT `craft_seomatic_meta_seoTwitterImageId_fk` FOREIGN KEY (`seoTwitterImageId`) REFERENCES `craft_assetfiles` (`id`) ON DELETE SET NULL;

--
-- Constraints for table `craft_seomatic_settings`
--
ALTER TABLE `craft_seomatic_settings`
	ADD CONSTRAINT `craft_seomatic_settings_genericCreatorImageId_fk` FOREIGN KEY (`genericCreatorImageId`) REFERENCES `craft_assetfiles` (`id`) ON DELETE SET NULL,
	ADD CONSTRAINT `craft_seomatic_settings_genericOwnerImageId_fk` FOREIGN KEY (`genericOwnerImageId`) REFERENCES `craft_assetfiles` (`id`) ON DELETE SET NULL,
	ADD CONSTRAINT `craft_seomatic_settings_siteSeoFacebookImageId_fk` FOREIGN KEY (`siteSeoFacebookImageId`) REFERENCES `craft_assetfiles` (`id`) ON DELETE SET NULL,
	ADD CONSTRAINT `craft_seomatic_settings_siteSeoImageId_fk` FOREIGN KEY (`siteSeoImageId`) REFERENCES `craft_assetfiles` (`id`) ON DELETE SET NULL,
	ADD CONSTRAINT `craft_seomatic_settings_siteSeoTwitterImageId_fk` FOREIGN KEY (`siteSeoTwitterImageId`) REFERENCES `craft_assetfiles` (`id`) ON DELETE SET NULL;

--
-- Constraints for table `craft_sessions`
--
ALTER TABLE `craft_sessions`
	ADD CONSTRAINT `craft_sessions_userId_fk` FOREIGN KEY (`userId`) REFERENCES `craft_users` (`id`) ON DELETE CASCADE;

--
-- Constraints for table `craft_shunnedmessages`
--
ALTER TABLE `craft_shunnedmessages`
	ADD CONSTRAINT `craft_shunnedmessages_userId_fk` FOREIGN KEY (`userId`) REFERENCES `craft_users` (`id`) ON DELETE CASCADE;

--
-- Constraints for table `craft_structureelements`
--
ALTER TABLE `craft_structureelements`
	ADD CONSTRAINT `craft_structureelements_elementId_fk` FOREIGN KEY (`elementId`) REFERENCES `craft_elements` (`id`) ON DELETE CASCADE,
	ADD CONSTRAINT `craft_structureelements_structureId_fk` FOREIGN KEY (`structureId`) REFERENCES `craft_structures` (`id`) ON DELETE CASCADE;

--
-- Constraints for table `craft_taggroups`
--
ALTER TABLE `craft_taggroups`
	ADD CONSTRAINT `craft_taggroups_fieldLayoutId_fk` FOREIGN KEY (`fieldLayoutId`) REFERENCES `craft_fieldlayouts` (`id`) ON DELETE SET NULL;

--
-- Constraints for table `craft_tags`
--
ALTER TABLE `craft_tags`
	ADD CONSTRAINT `craft_tags_groupId_fk` FOREIGN KEY (`groupId`) REFERENCES `craft_taggroups` (`id`) ON DELETE CASCADE,
	ADD CONSTRAINT `craft_tags_id_fk` FOREIGN KEY (`id`) REFERENCES `craft_elements` (`id`) ON DELETE CASCADE;

--
-- Constraints for table `craft_templatecachecriteria`
--
ALTER TABLE `craft_templatecachecriteria`
	ADD CONSTRAINT `craft_templatecachecriteria_cacheId_fk` FOREIGN KEY (`cacheId`) REFERENCES `craft_templatecaches` (`id`) ON DELETE CASCADE;

--
-- Constraints for table `craft_templatecacheelements`
--
ALTER TABLE `craft_templatecacheelements`
	ADD CONSTRAINT `craft_templatecacheelements_cacheId_fk` FOREIGN KEY (`cacheId`) REFERENCES `craft_templatecaches` (`id`) ON DELETE CASCADE,
	ADD CONSTRAINT `craft_templatecacheelements_elementId_fk` FOREIGN KEY (`elementId`) REFERENCES `craft_elements` (`id`) ON DELETE CASCADE;

--
-- Constraints for table `craft_templatecaches`
--
ALTER TABLE `craft_templatecaches`
	ADD CONSTRAINT `craft_templatecaches_locale_fk` FOREIGN KEY (`locale`) REFERENCES `craft_locales` (`locale`) ON DELETE CASCADE ON UPDATE CASCADE;

--
-- Constraints for table `craft_usergroups_users`
--
ALTER TABLE `craft_usergroups_users`
	ADD CONSTRAINT `craft_usergroups_users_groupId_fk` FOREIGN KEY (`groupId`) REFERENCES `craft_usergroups` (`id`) ON DELETE CASCADE,
	ADD CONSTRAINT `craft_usergroups_users_userId_fk` FOREIGN KEY (`userId`) REFERENCES `craft_users` (`id`) ON DELETE CASCADE;

--
-- Constraints for table `craft_userpermissions_usergroups`
--
ALTER TABLE `craft_userpermissions_usergroups`
	ADD CONSTRAINT `craft_userpermissions_usergroups_groupId_fk` FOREIGN KEY (`groupId`) REFERENCES `craft_usergroups` (`id`) ON DELETE CASCADE,
	ADD CONSTRAINT `craft_userpermissions_usergroups_permissionId_fk` FOREIGN KEY (`permissionId`) REFERENCES `craft_userpermissions` (`id`) ON DELETE CASCADE;

--
-- Constraints for table `craft_userpermissions_users`
--
ALTER TABLE `craft_userpermissions_users`
	ADD CONSTRAINT `craft_userpermissions_users_permissionId_fk` FOREIGN KEY (`permissionId`) REFERENCES `craft_userpermissions` (`id`) ON DELETE CASCADE,
	ADD CONSTRAINT `craft_userpermissions_users_userId_fk` FOREIGN KEY (`userId`) REFERENCES `craft_users` (`id`) ON DELETE CASCADE;

--
-- Constraints for table `craft_users`
--
ALTER TABLE `craft_users`
	ADD CONSTRAINT `craft_users_id_fk` FOREIGN KEY (`id`) REFERENCES `craft_elements` (`id`) ON DELETE CASCADE,
	ADD CONSTRAINT `craft_users_preferredLocale_fk` FOREIGN KEY (`preferredLocale`) REFERENCES `craft_locales` (`locale`) ON DELETE SET NULL ON UPDATE CASCADE;

--
-- Constraints for table `craft_widgets`
--
ALTER TABLE `craft_widgets`
	ADD CONSTRAINT `craft_widgets_userId_fk` FOREIGN KEY (`userId`) REFERENCES `craft_users` (`id`) ON DELETE CASCADE;

SET FOREIGN_KEY_CHECKS = 1;
